spot,low,high,blocks,volBps,refBlocks,houseEdgeBps,multiplierBps,prob1e6
10000000000000,9999000000000,10001000000000,10,12,100,400,46280,207430
10000000000000,9999000000000,10003000000000,10,12,100,400,24733,388126
10000000000000,9999000000000,10008000000000,10,12,100,400,16394,585524
10000000000000,9999000000000,10021000000000,10,12,100,400,15901,603683
10000000000000,9999000000000,10055000000000,10,12,100,400,15901,603683
10000000000000,9999000000000,10144000000000,10,12,100,400,15901,603683
10000000000000,9997000000000,10001000000000,10,12,100,400,24733,388126
10000000000000,9997000000000,10003000000000,10,12,100,400,16876,568823
10000000000000,9997000000000,10008000000000,10,12,100,400,12528,766221
10000000000000,9997000000000,10021000000000,10,12,100,400,12238,784380
10000000000000,9997000000000,10055000000000,10,12,100,400,12238,784380
10000000000000,9997000000000,10144000000000,10,12,100,400,12238,784380
10000000000000,9992000000000,10001000000000,10,12,100,400,16394,585524
10000000000000,9992000000000,10003000000000,10,12,100,400,12528,766221
10000000000000,9992000000000,10008000000000,10,12,100,400,9961,963619
10000000000000,9992000000000,10021000000000,10,12,100,400,9777,981778
10000000000000,9992000000000,10055000000000,10,12,100,400,9777,981778
10000000000000,9992000000000,10144000000000,10,12,100,400,9777,981778
10000000000000,9979000000000,10001000000000,10,12,100,400,15901,603683
10000000000000,9979000000000,10003000000000,10,12,100,400,12238,784380
10000000000000,9979000000000,10008000000000,10,12,100,400,9777,981778
10000000000000,9979000000000,10021000000000,10,12,100,400,9600,999937
10000000000000,9979000000000,10055000000000,10,12,100,400,9600,999937
10000000000000,9979000000000,10144000000000,10,12,100,400,9600,999937
10000000000000,9945000000000,10001000000000,10,12,100,400,15901,603683
10000000000000,9945000000000,10003000000000,10,12,100,400,12238,784380
10000000000000,9945000000000,10008000000000,10,12,100,400,9777,981778
10000000000000,9945000000000,10021000000000,10,12,100,400,9600,999937
10000000000000,9945000000000,10055000000000,10,12,100,400,9600,999937
10000000000000,9945000000000,10144000000000,10,12,100,400,9600,999937
10000000000000,9856000000000,10001000000000,10,12,100,400,15901,603683
10000000000000,9856000000000,10003000000000,10,12,100,400,12238,784380
10000000000000,9856000000000,10008000000000,10,12,100,400,9777,981778
10000000000000,9856000000000,10021000000000,10,12,100,400,9600,999937
10000000000000,9856000000000,10055000000000,10,12,100,400,9600,999937
10000000000000,9856000000000,10144000000000,10,12,100,400,9600,999937
10000000000000,9999000000000,10001000000000,25,12,100,400,72972,131556
10000000000000,9999000000000,10003000000000,25,12,100,400,37319,257240
10000000000000,9999000000000,10008000000000,25,12,100,400,20292,473070
10000000000000,9999000000000,10021000000000,25,12,100,400,16974,565545
10000000000000,9999000000000,10055000000000,25,12,100,400,16968,565746
10000000000000,9999000000000,10144000000000,25,12,100,400,16968,565746
10000000000000,9997000000000,10001000000000,25,12,100,400,37319,257240
10000000000000,9997000000000,10003000000000,25,12,100,400,25069,382925
10000000000000,9997000000000,10008000000000,25,12,100,400,16032,598754
10000000000000,9997000000000,10021000000000,25,12,100,400,13887,691230
10000000000000,9997000000000,10055000000000,25,12,100,400,13883,691431
10000000000000,9997000000000,10144000000000,25,12,100,400,13883,691431
10000000000000,9992000000000,10001000000000,25,12,100,400,20292,473070
10000000000000,9992000000000,10003000000000,25,12,100,400,16032,598754
10000000000000,9992000000000,10008000000000,25,12,100,400,11784,814584
10000000000000,9992000000000,10021000000000,25,12,100,400,10583,907059
10000000000000,9992000000000,10055000000000,25,12,100,400,10581,907260
10000000000000,9992000000000,10144000000000,25,12,100,400,10581,907260
10000000000000,9979000000000,10001000000000,25,12,100,400,16974,565545
10000000000000,9979000000000,10003000000000,25,12,100,400,13887,691230
10000000000000,9979000000000,10008000000000,25,12,100,400,10583,907059
10000000000000,9979000000000,10021000000000,25,12,100,400,9603,999535
10000000000000,9979000000000,10055000000000,25,12,100,400,9601,999736
10000000000000,9979000000000,10144000000000,25,12,100,400,9601,999736
10000000000000,9945000000000,10001000000000,25,12,100,400,16968,565746
10000000000000,9945000000000,10003000000000,25,12,100,400,13883,691431
10000000000000,9945000000000,10008000000000,25,12,100,400,10581,907260
10000000000000,9945000000000,10021000000000,25,12,100,400,9601,999736
10000000000000,9945000000000,10055000000000,25,12,100,400,9600,999937
10000000000000,9945000000000,10144000000000,25,12,100,400,9600,999937
10000000000000,9856000000000,10001000000000,25,12,100,400,16968,565746
10000000000000,9856000000000,10003000000000,25,12,100,400,13883,691431
10000000000000,9856000000000,10008000000000,25,12,100,400,10581,907260
10000000000000,9856000000000,10021000000000,25,12,100,400,9601,999736
10000000000000,9856000000000,10055000000000,25,12,100,400,9600,999937
10000000000000,9856000000000,10144000000000,25,12,100,400,9600,999937
10000000000000,9999000000000,10001000000000,50,12,100,400,103201,93021
10000000000000,9999000000000,10003000000000,50,12,100,400,52282,183617
10000000000000,9999000000000,10008000000000,50,12,100,400,25784,372303
10000000000000,9999000000000,10021000000000,50,12,100,400,17787,539694
10000000000000,9999000000000,10055000000000,50,12,100,400,17566,546479
10000000000000,9999000000000,10144000000000,50,12,100,400,17566,546479
10000000000000,9997000000000,10001000000000,50,12,100,400,52282,183617
10000000000000,9997000000000,10003000000000,50,12,100,400,35008,274214
10000000000000,9997000000000,10008000000000,50,12,100,400,20737,462899
10000000000000,9997000000000,10021000000000,50,12,100,400,15230,630291
10000000000000,9997000000000,10055000000000,50,12,100,400,15068,637075
10000000000000,9997000000000,10144000000000,50,12,100,400,15068,637075
10000000000000,9992000000000,10001000000000,50,12,100,400,25784,372303
10000000000000,9992000000000,10003000000000,50,12,100,400,20737,462899
10000000000000,9992000000000,10008000000000,50,12,100,400,14733,651585
10000000000000,9992000000000,10021000000000,50,12,100,400,11721,818976
10000000000000,9992000000000,10055000000000,50,12,100,400,11625,825761
10000000000000,9992000000000,10144000000000,50,12,100,400,11625,825761
10000000000000,9979000000000,10001000000000,50,12,100,400,17787,539694
10000000000000,9979000000000,10003000000000,50,12,100,400,15230,630291
10000000000000,9979000000000,10008000000000,50,12,100,400,11721,818976
10000000000000,9979000000000,10021000000000,50,12,100,400,9732,986368
10000000000000,9979000000000,10055000000000,50,12,100,400,9665,993152
10000000000000,9979000000000,10144000000000,50,12,100,400,9665,993152
10000000000000,9945000000000,10001000000000,50,12,100,400,17566,546479
10000000000000,9945000000000,10003000000000,50,12,100,400,15068,637075
10000000000000,9945000000000,10008000000000,50,12,100,400,11625,825761
10000000000000,9945000000000,10021000000000,50,12,100,400,9665,993152
10000000000000,9945000000000,10055000000000,50,12,100,400,9600,999937
10000000000000,9945000000000,10144000000000,50,12,100,400,9600,999937
10000000000000,9856000000000,10001000000000,50,12,100,400,17566,546479
10000000000000,9856000000000,10003000000000,50,12,100,400,15068,637075
10000000000000,9856000000000,10008000000000,50,12,100,400,11625,825761
10000000000000,9856000000000,10021000000000,50,12,100,400,9665,993152
10000000000000,9856000000000,10055000000000,50,12,100,400,9600,999937
10000000000000,9856000000000,10144000000000,50,12,100,400,9600,999937
10000000000000,9999000000000,10001000000000,100,12,100,400,145944,65778
10000000000000,9999000000000,10003000000000,100,12,100,400,72950,131595
10000000000000,9999000000000,10008000000000,100,12,100,400,34416,278936
10000000000000,9999000000000,10021000000000,100,12,100,400,19478,492830
10000000000000,9999000000000,10055000000000,100,12,100,400,18015,532857
10000000000000,9999000000000,10144000000000,100,12,100,400,18015,532857
10000000000000,9997000000000,10001000000000,100,12,100,400,72950,131595
10000000000000,9997000000000,10003000000000,100,12,100,400,48628,197413
10000000000000,9997000000000,10008000000000,100,12,100,400,27845,344754
10000000000000,9997000000000,10021000000000,100,12,100,400,17184,558647
10000000000000,9997000000000,10055000000000,100,12,100,400,16034,598675
10000000000000,9997000000000,10144000000000,100,12,100,400,16034,598675
10000000000000,9992000000000,10001000000000,100,12,100,400,34416,278936
10000000000000,9992000000000,10003000000000,100,12,100,400,27845,344754
10000000000000,9992000000000,10008000000000,100,12,100,400,19508,492095
10000000000000,9992000000000,10021000000000,100,12,100,400,13597,705988
10000000000000,9992000000000,10055000000000,100,12,100,400,12867,746016
10000000000000,9992000000000,10144000000000,100,12,100,400,12867,746016
10000000000000,9979000000000,10001000000000,100,12,100,400,19478,492830
10000000000000,9979000000000,10003000000000,100,12,100,400,17184,558647
10000000000000,9979000000000,10008000000000,100,12,100,400,13597,705988
10000000000000,9979000000000,10021000000000,100,12,100,400,10435,919882
10000000000000,9979000000000,10055000000000,100,12,100,400,10000,959909
10000000000000,9979000000000,10144000000000,100,12,100,400,10000,959909
10000000000000,9945000000000,10001000000000,100,12,100,400,18015,532857
10000000000000,9945000000000,10003000000000,100,12,100,400,16034,598675
10000000000000,9945000000000,10008000000000,100,12,100,400,12867,746016
10000000000000,9945000000000,10021000000000,100,12,100,400,10000,959909
10000000000000,9945000000000,10055000000000,100,12,100,400,9600,999937
10000000000000,9945000000000,10144000000000,100,12,100,400,9600,999937
10000000000000,9856000000000,10001000000000,100,12,100,400,18015,532857
10000000000000,9856000000000,10003000000000,100,12,100,400,16034,598675
10000000000000,9856000000000,10008000000000,100,12,100,400,12867,746016
10000000000000,9856000000000,10021000000000,100,12,100,400,10000,959909
10000000000000,9856000000000,10055000000000,100,12,100,400,9600,999937
10000000000000,9856000000000,10144000000000,100,12,100,400,9600,999937
10000000000000,9999000000000,10001000000000,250,12,100,400,230690,41614
10000000000000,9999000000000,10003000000000,250,12,100,400,115344,83228
10000000000000,9999000000000,10008000000000,250,12,100,400,52406,183181
10000000000000,9999000000000,10021000000000,250,12,100,400,24947,384795
10000000000000,9999000000000,10055000000000,250,12,100,400,18504,518797
10000000000000,9999000000000,10144000000000,250,12,100,400,18433,520775
10000000000000,9997000000000,10001000000000,250,12,100,400,115344,83228
10000000000000,9997000000000,10003000000000,250,12,100,400,76896,124843
10000000000000,9997000000000,10008000000000,250,12,100,400,42704,224795
10000000000000,9997000000000,10021000000000,250,12,100,400,22512,426409
10000000000000,9997000000000,10055000000000,250,12,100,400,17130,560411
10000000000000,9997000000000,10144000000000,250,12,100,400,17069,562390
10000000000000,9992000000000,10001000000000,250,12,100,400,52406,183181
10000000000000,9992000000000,10003000000000,250,12,100,400,42704,224795
10000000000000,9992000000000,10008000000000,250,12,100,400,29561,324748
10000000000000,9992000000000,10021000000000,250,12,100,400,18238,526362
10000000000000,9992000000000,10055000000000,250,12,100,400,14537,660364
10000000000000,9992000000000,10144000000000,250,12,100,400,14493,662342
10000000000000,9979000000000,10001000000000,250,12,100,400,24947,384795
10000000000000,9979000000000,10003000000000,250,12,100,400,22512,426409
10000000000000,9979000000000,10008000000000,250,12,100,400,18238,526362
10000000000000,9979000000000,10021000000000,250,12,100,400,13186,727976
10000000000000,9979000000000,10055000000000,250,12,100,400,11136,861978
10000000000000,9979000000000,10144000000000,250,12,100,400,11111,863956
10000000000000,9945000000000,10001000000000,250,12,100,400,18504,518797
10000000000000,9945000000000,10003000000000,250,12,100,400,17130,560411
10000000000000,9945000000000,10008000000000,250,12,100,400,14537,660364
10000000000000,9945000000000,10021000000000,250,12,100,400,11136,861978
10000000000000,9945000000000,10055000000000,250,12,100,400,9638,995980
10000000000000,9945000000000,10144000000000,250,12,100,400,9619,997958
10000000000000,9856000000000,10001000000000,250,12,100,400,18433,520775
10000000000000,9856000000000,10003000000000,250,12,100,400,17069,562390
10000000000000,9856000000000,10008000000000,250,12,100,400,14493,662342
10000000000000,9856000000000,10021000000000,250,12,100,400,11111,863956
10000000000000,9856000000000,10055000000000,250,12,100,400,9619,997958
10000000000000,9856000000000,10144000000000,250,12,100,400,9600,999937
10000000000000,9999000000000,10001000000000,600,12,100,400,357568,26848
10000000000000,9999000000000,10003000000000,600,12,100,400,178783,53696
10000000000000,9999000000000,10008000000000,600,12,100,400,79779,120330
10000000000000,9999000000000,10021000000000,600,12,100,400,34892,275132
10000000000000,9999000000000,10055000000000,600,12,100,400,19926,481756
10000000000000,9999000000000,10144000000000,600,12,100,400,18698,513392
10000000000000,9997000000000,10001000000000,600,12,100,400,178783,53696
10000000000000,9997000000000,10003000000000,600,12,100,400,119188,80544
10000000000000,9997000000000,10008000000000,600,12,100,400,65226,147178
10000000000000,9997000000000,10021000000000,600,12,100,400,31789,301980
10000000000000,9997000000000,10055000000000,600,12,100,400,18874,508604
10000000000000,9997000000000,10144000000000,600,12,100,400,17769,540240
10000000000000,9992000000000,10001000000000,600,12,100,400,79779,120330
10000000000000,9992000000000,10003000000000,600,12,100,400,65226,147178
10000000000000,9992000000000,10008000000000,600,12,100,400,44899,213812
10000000000000,9992000000000,10021000000000,600,12,100,400,26042,368614
10000000000000,9992000000000,10055000000000,600,12,100,400,16688,575238
10000000000000,9992000000000,10144000000000,600,12,100,400,15817,606874
10000000000000,9979000000000,10001000000000,600,12,100,400,34892,275132
10000000000000,9979000000000,10003000000000,600,12,100,400,31789,301980
10000000000000,9979000000000,10008000000000,600,12,100,400,26042,368614
10000000000000,9979000000000,10021000000000,600,12,100,400,18340,523417
10000000000000,9979000000000,10055000000000,600,12,100,400,13149,730040
10000000000000,9979000000000,10144000000000,600,12,100,400,12602,761677
10000000000000,9945000000000,10001000000000,600,12,100,400,19926,481756
10000000000000,9945000000000,10003000000000,600,12,100,400,18874,508604
10000000000000,9945000000000,10008000000000,600,12,100,400,16688,575238
10000000000000,9945000000000,10021000000000,600,12,100,400,13149,730040
10000000000000,9945000000000,10055000000000,600,12,100,400,10248,936664
10000000000000,9945000000000,10144000000000,600,12,100,400,9913,968300
10000000000000,9856000000000,10001000000000,600,12,100,400,18698,513392
10000000000000,9856000000000,10003000000000,600,12,100,400,17769,540240
10000000000000,9856000000000,10008000000000,600,12,100,400,15817,606874
10000000000000,9856000000000,10021000000000,600,12,100,400,12602,761677
10000000000000,9856000000000,10055000000000,600,12,100,400,9913,968300
10000000000000,9856000000000,10144000000000,600,12,100,400,9600,999937
10000000000000,9999000000000,10001000000000,2000,12,100,400,653639,14687
10000000000000,9999000000000,10003000000000,2000,12,100,400,326375,29414
10000000000000,9999000000000,10008000000000,2000,12,100,400,145076,66172
10000000000000,9999000000000,10021000000000,2000,12,100,400,60576,158475
10000000000000,9999000000000,10055000000000,2000,12,100,400,27121,353946
10000000000000,9999000000000,10144000000000,2000,12,100,400,19065,503501
10000000000000,9997000000000,10001000000000,2000,12,100,400,326375,29414
10000000000000,9997000000000,10003000000000,2000,12,100,400,217484,44141
10000000000000,9997000000000,10008000000000,2000,12,100,400,118665,80899
10000000000000,9997000000000,10021000000000,2000,12,100,400,55426,173202
10000000000000,9997000000000,10055000000000,2000,12,100,400,26039,368673
10000000000000,9997000000000,10144000000000,2000,12,100,400,18524,518228
10000000000000,9992000000000,10001000000000,2000,12,100,400,145076,66172
10000000000000,9992000000000,10003000000000,2000,12,100,400,118665,80899
10000000000000,9992000000000,10008000000000,2000,12,100,400,81592,117658
10000000000000,9992000000000,10021000000000,2000,12,100,400,45721,209961
10000000000000,9992000000000,10055000000000,2000,12,100,400,23678,405431
10000000000000,9992000000000,10144000000000,2000,12,100,400,17297,554987
10000000000000,9979000000000,10001000000000,2000,12,100,400,60576,158475
10000000000000,9979000000000,10003000000000,2000,12,100,400,55426,173202
10000000000000,9979000000000,10008000000000,2000,12,100,400,45721,209961
10000000000000,9979000000000,10021000000000,2000,12,100,400,31759,302264
10000000000000,9979000000000,10055000000000,2000,12,100,400,19287,497734
10000000000000,9979000000000,10144000000000,2000,12,100,400,14831,647290
10000000000000,9945000000000,10001000000000,2000,12,100,400,27121,353946
10000000000000,9945000000000,10003000000000,2000,12,100,400,26039,368673
10000000000000,9945000000000,10008000000000,2000,12,100,400,23678,405431
10000000000000,9945000000000,10021000000000,2000,12,100,400,19287,497734
10000000000000,9945000000000,10055000000000,2000,12,100,400,13848,693205
10000000000000,9945000000000,10144000000000,2000,12,100,400,11390,842760
10000000000000,9856000000000,10001000000000,2000,12,100,400,19065,503501
10000000000000,9856000000000,10003000000000,2000,12,100,400,18524,518228
10000000000000,9856000000000,10008000000000,2000,12,100,400,17297,554987
10000000000000,9856000000000,10021000000000,2000,12,100,400,14831,647290
10000000000000,9856000000000,10055000000000,2000,12,100,400,11390,842760
10000000000000,9856000000000,10144000000000,2000,12,100,400,9673,992316
10000000000000,9999000000000,10001000000000,6000,12,100,400,1136229,8449
10000000000000,9999000000000,10003000000000,6000,12,100,400,566806,16937
10000000000000,9999000000000,10008000000000,6000,12,100,400,251447,38179
10000000000000,9999000000000,10021000000000,6000,12,100,400,102767,93415
10000000000000,9999000000000,10055000000000,6000,12,100,400,42528,225731
10000000000000,9999000000000,10144000000000,6000,12,100,400,21685,442681
10000000000000,9997000000000,10001000000000,6000,12,100,400,566806,16937
10000000000000,9997000000000,10003000000000,6000,12,100,400,377566,25426
10000000000000,9997000000000,10008000000000,6000,12,100,400,205707,46668
10000000000000,9997000000000,10021000000000,6000,12,100,400,94205,101904
10000000000000,9997000000000,10055000000000,6000,12,100,400,40986,234220
10000000000000,9997000000000,10144000000000,6000,12,100,400,21277,451170
10000000000000,9992000000000,10001000000000,6000,12,100,400,251447,38179
10000000000000,9992000000000,10003000000000,6000,12,100,400,205707,46668
10000000000000,9992000000000,10008000000000,6000,12,100,400,141362,67910
10000000000000,9992000000000,10021000000000,6000,12,100,400,77955,123146
10000000000000,9992000000000,10055000000000,6000,12,100,400,37578,255462
10000000000000,9992000000000,10144000000000,6000,12,100,400,20320,472412
10000000000000,9979000000000,10001000000000,6000,12,100,400,102767,93415
10000000000000,9979000000000,10003000000000,6000,12,100,400,94205,101904
10000000000000,9979000000000,10008000000000,6000,12,100,400,77955,123146
10000000000000,9979000000000,10021000000000,6000,12,100,400,53816,178382
10000000000000,9979000000000,10055000000000,6000,12,100,400,30897,310698
10000000000000,9979000000000,10144000000000,6000,12,100,400,18193,527648
10000000000000,9945000000000,10001000000000,6000,12,100,400,42528,225731
10000000000000,9945000000000,10003000000000,6000,12,100,400,40986,234220
10000000000000,9945000000000,10008000000000,6000,12,100,400,37578,255462
10000000000000,9945000000000,10021000000000,6000,12,100,400,30897,310698
10000000000000,9945000000000,10055000000000,6000,12,100,400,21669,443014
10000000000000,9945000000000,10144000000000,6000,12,100,400,14545,659964
10000000000000,9856000000000,10001000000000,6000,12,100,400,21685,442681
10000000000000,9856000000000,10003000000000,6000,12,100,400,21277,451170
10000000000000,9856000000000,10008000000000,6000,12,100,400,20320,472412
10000000000000,9856000000000,10021000000000,6000,12,100,400,18193,527648
10000000000000,9856000000000,10055000000000,6000,12,100,400,14545,659964
10000000000000,9856000000000,10144000000000,6000,12,100,400,10946,876914
10000000000000,9999000000000,10001000000000,10,16,100,400,61524,156035
10000000000000,9999000000000,10003000000000,10,16,100,400,32008,299917
10000000000000,9999000000000,10008000000000,10,16,100,400,18464,519898
10000000000000,9999000000000,10021000000000,10,16,100,400,16608,577986
10000000000000,9999000000000,10055000000000,10,16,100,400,16608,577986
10000000000000,9999000000000,10144000000000,10,16,100,400,16608,577986
10000000000000,9997000000000,10001000000000,10,16,100,400,32008,299917
10000000000000,9997000000000,10003000000000,10,16,100,400,21630,443800
10000000000000,9997000000000,10008000000000,10,16,100,400,14462,663780
10000000000000,9997000000000,10021000000000,10,16,100,400,13297,721868
10000000000000,9997000000000,10055000000000,10,16,100,400,13297,721868
10000000000000,9997000000000,10144000000000,10,16,100,400,13297,721868
10000000000000,9992000000000,10001000000000,10,16,100,400,18464,519898
10000000000000,9992000000000,10003000000000,10,16,100,400,14462,663780
10000000000000,9992000000000,10008000000000,10,16,100,400,10862,883761
10000000000000,9992000000000,10021000000000,10,16,100,400,10192,941849
10000000000000,9992000000000,10055000000000,10,16,100,400,10192,941849
10000000000000,9992000000000,10144000000000,10,16,100,400,10192,941849
10000000000000,9979000000000,10001000000000,10,16,100,400,16608,577986
10000000000000,9979000000000,10003000000000,10,16,100,400,13297,721868
10000000000000,9979000000000,10008000000000,10,16,100,400,10192,941849
10000000000000,9979000000000,10021000000000,10,16,100,400,9600,999937
10000000000000,9979000000000,10055000000000,10,16,100,400,9600,999937
10000000000000,9979000000000,10144000000000,10,16,100,400,9600,999937
10000000000000,9945000000000,10001000000000,10,16,100,400,16608,577986
10000000000000,9945000000000,10003000000000,10,16,100,400,13297,721868
10000000000000,9945000000000,10008000000000,10,16,100,400,10192,941849
10000000000000,9945000000000,10021000000000,10,16,100,400,9600,999937
10000000000000,9945000000000,10055000000000,10,16,100,400,9600,999937
10000000000000,9945000000000,10144000000000,10,16,100,400,9600,999937
10000000000000,9856000000000,10001000000000,10,16,100,400,16608,577986
10000000000000,9856000000000,10003000000000,10,16,100,400,13297,721868
10000000000000,9856000000000,10008000000000,10,16,100,400,10192,941849
10000000000000,9856000000000,10021000000000,10,16,100,400,9600,999937
10000000000000,9856000000000,10055000000000,10,16,100,400,9600,999937
10000000000000,9856000000000,10144000000000,10,16,100,400,9600,999937
10000000000000,9999000000000,10001000000000,25,16,100,400,97257,98706
10000000000000,9999000000000,10003000000000,25,16,100,400,49372,194437
10000000000000,9999000000000,10008000000000,25,16,100,400,24571,390697
10000000000000,9999000000000,10021000000000,25,16,100,400,17621,544758
10000000000000,9999000000000,10055000000000,25,16,100,400,17475,549321
10000000000000,9999000000000,10144000000000,25,16,100,400,17475,549321
10000000000000,9997000000000,10001000000000,25,16,100,400,49372,194437
10000000000000,9997000000000,10003000000000,25,16,100,400,33083,290169
10000000000000,9997000000000,10008000000000,25,16,100,400,19734,486429
10000000000000,9997000000000,10021000000000,25,16,100,400,14988,640489
10000000000000,9997000000000,10055000000000,25,16,100,400,14881,645053
10000000000000,9997000000000,10144000000000,25,16,100,400,14881,645053
10000000000000,9992000000000,10001000000000,25,16,100,400,24571,390697
10000000000000,9992000000000,10003000000000,25,16,100,400,19734,486429
10000000000000,9992000000000,10008000000000,25,16,100,400,14061,682689
10000000000000,9992000000000,10021000000000,25,16,100,400,11472,836749
10000000000000,9992000000000,10055000000000,25,16,100,400,11410,841313
10000000000000,9992000000000,10144000000000,25,16,100,400,11410,841313
10000000000000,9979000000000,10001000000000,25,16,100,400,17621,544758
10000000000000,9979000000000,10003000000000,25,16,100,400,14988,640489
10000000000000,9979000000000,10008000000000,25,16,100,400,11472,836749
10000000000000,9979000000000,10021000000000,25,16,100,400,9688,990810
10000000000000,9979000000000,10055000000000,25,16,100,400,9644,995373
10000000000000,9979000000000,10144000000000,25,16,100,400,9644,995373
10000000000000,9945000000000,10001000000000,25,16,100,400,17475,549321
10000000000000,9945000000000,10003000000000,25,16,100,400,14881,645053
10000000000000,9945000000000,10008000000000,25,16,100,400,11410,841313
10000000000000,9945000000000,10021000000000,25,16,100,400,9644,995373
10000000000000,9945000000000,10055000000000,25,16,100,400,9600,999937
10000000000000,9945000000000,10144000000000,25,16,100,400,9600,999937
10000000000000,9856000000000,10001000000000,25,16,100,400,17475,549321
10000000000000,9856000000000,10003000000000,25,16,100,400,14881,645053
10000000000000,9856000000000,10008000000000,25,16,100,400,11410,841313
10000000000000,9856000000000,10021000000000,25,16,100,400,9644,995373
10000000000000,9856000000000,10055000000000,25,16,100,400,9600,999937
10000000000000,9856000000000,10144000000000,25,16,100,400,9600,999937
10000000000000,9999000000000,10001000000000,50,16,100,400,137681,69726
10000000000000,9999000000000,10003000000000,50,16,100,400,68979,139171
10000000000000,9999000000000,10008000000000,50,16,100,400,32632,294180
10000000000000,9999000000000,10021000000000,50,16,100,400,19117,502149
10000000000000,9999000000000,10055000000000,50,16,100,400,17949,534831
10000000000000,9999000000000,10144000000000,50,16,100,400,17949,534831
10000000000000,9997000000000,10001000000000,50,16,100,400,68979,139171
10000000000000,9997000000000,10003000000000,50,16,100,400,46016,208617
10000000000000,9997000000000,10008000000000,50,16,100,400,26400,363625
10000000000000,9997000000000,10021000000000,50,16,100,400,16794,571595
10000000000000,9997000000000,10055000000000,50,16,100,400,15886,604277
10000000000000,9997000000000,10144000000000,50,16,100,400,15886,604277
10000000000000,9992000000000,10001000000000,50,16,100,400,32632,294180
10000000000000,9992000000000,10003000000000,50,16,100,400,26400,363625
10000000000000,9992000000000,10008000000000,50,16,100,400,18509,518634
10000000000000,9992000000000,10021000000000,50,16,100,400,13211,726603
10000000000000,9992000000000,10055000000000,50,16,100,400,12643,759285
10000000000000,9992000000000,10144000000000,50,16,100,400,12643,759285
10000000000000,9979000000000,10001000000000,50,16,100,400,19117,502149
10000000000000,9979000000000,10003000000000,50,16,100,400,16794,571595
10000000000000,9979000000000,10008000000000,50,16,100,400,13211,726603
10000000000000,9979000000000,10021000000000,50,16,100,400,10272,934573
10000000000000,9979000000000,10055000000000,50,16,100,400,9924,967255
10000000000000,9979000000000,10144000000000,50,16,100,400,9924,967255
10000000000000,9945000000000,10001000000000,50,16,100,400,17949,534831
10000000000000,9945000000000,10003000000000,50,16,100,400,15886,604277
10000000000000,9945000000000,10008000000000,50,16,100,400,12643,759285
10000000000000,9945000000000,10021000000000,50,16,100,400,9924,967255
10000000000000,9945000000000,10055000000000,50,16,100,400,9600,999937
10000000000000,9945000000000,10144000000000,50,16,100,400,9600,999937
10000000000000,9856000000000,10001000000000,50,16,100,400,17949,534831
10000000000000,9856000000000,10003000000000,50,16,100,400,15886,604277
10000000000000,9856000000000,10008000000000,50,16,100,400,12643,759285
10000000000000,9856000000000,10021000000000,50,16,100,400,9924,967255
10000000000000,9856000000000,10055000000000,50,16,100,400,9600,999937
10000000000000,9856000000000,10144000000000,50,16,100,400,9600,999937
10000000000000,9999000000000,10001000000000,100,16,100,400,194516,49353
10000000000000,9999000000000,10003000000000,100,16,100,400,97257,98706
10000000000000,9999000000000,10008000000000,100,16,100,400,44415,216139
10000000000000,9999000000000,10021000000000,100,16,100,400,22391,428737
10000000000000,9999000000000,10055000000000,100,16,100,400,18307,524357
10000000000000,9999000000000,10144000000000,100,16,100,400,18297,524645
10000000000000,9997000000000,10001000000000,100,16,100,400,97257,98706
10000000000000,9997000000000,10003000000000,100,16,100,400,64838,148059
10000000000000,9997000000000,10008000000000,100,16,100,400,36158,265492
10000000000000,9997000000000,10021000000000,100,16,100,400,20079,478090
10000000000000,9997000000000,10055000000000,100,16,100,400,16732,573710
10000000000000,9997000000000,10144000000000,100,16,100,400,16724,573998
10000000000000,9992000000000,10001000000000,100,16,100,400,44415,216139
10000000000000,9992000000000,10003000000000,100,16,100,400,36158,265492
10000000000000,9992000000000,10008000000000,100,16,100,400,25069,382925
10000000000000,9992000000000,10021000000000,100,16,100,400,16119,595523
10000000000000,9992000000000,10055000000000,100,16,100,400,13889,691143
10000000000000,9992000000000,10144000000000,100,16,100,400,13883,691431
10000000000000,9979000000000,10001000000000,100,16,100,400,22391,428737
10000000000000,9979000000000,10003000000000,100,16,100,400,20079,478090
10000000000000,9979000000000,10008000000000,100,16,100,400,16119,595523
10000000000000,9979000000000,10021000000000,100,16,100,400,11879,808121
10000000000000,9979000000000,10055000000000,100,16,100,400,10622,903741
10000000000000,9979000000000,10144000000000,100,16,100,400,10618,904029
10000000000000,9945000000000,10001000000000,100,16,100,400,18307,524357
10000000000000,9945000000000,10003000000000,100,16,100,400,16732,573710
10000000000000,9945000000000,10008000000000,100,16,100,400,13889,691143
10000000000000,9945000000000,10021000000000,100,16,100,400,10622,903741
10000000000000,9945000000000,10055000000000,100,16,100,400,9605,999362
10000000000000,9945000000000,10144000000000,100,16,100,400,9602,999649
10000000000000,9856000000000,10001000000000,100,16,100,400,18297,524645
10000000000000,9856000000000,10003000000000,100,16,100,400,16724,573998
10000000000000,9856000000000,10008000000000,100,16,100,400,13883,691431
10000000000000,9856000000000,10021000000000,100,16,100,400,10618,904029
10000000000000,9856000000000,10055000000000,100,16,100,400,9602,999649
10000000000000,9856000000000,10144000000000,100,16,100,400,9600,999937
10000000000000,9999000000000,10001000000000,250,16,100,400,307780,31191
10000000000000,9999000000000,10003000000000,250,16,100,400,153889,62382
10000000000000,9999000000000,10008000000000,250,16,100,400,69132,138863
10000000000000,9999000000000,10021000000000,250,16,100,400,30892,310746
10000000000000,9999000000000,10055000000000,250,16,100,400,19193,500175
10000000000000,9999000000000,10144000000000,250,16,100,400,18620,515564
10000000000000,9997000000000,10001000000000,250,16,100,400,153889,62382
10000000000000,9997000000000,10003000000000,250,16,100,400,102593,93573
10000000000000,9997000000000,10008000000000,250,16,100,400,56451,170054
10000000000000,9997000000000,10021000000000,250,16,100,400,28075,341937
10000000000000,9997000000000,10055000000000,250,16,100,400,18066,531366
10000000000000,9997000000000,10144000000000,250,16,100,400,17557,546755
10000000000000,9992000000000,10001000000000,250,16,100,400,69132,138863
10000000000000,9992000000000,10003000000000,250,16,100,400,56451,170054
10000000000000,9992000000000,10008000000000,250,16,100,400,38939,246536
10000000000000,9992000000000,10021000000000,250,16,100,400,22943,418419
10000000000000,9992000000000,10055000000000,250,16,100,400,15792,607847
10000000000000,9992000000000,10144000000000,250,16,100,400,15403,623236
10000000000000,9979000000000,10001000000000,250,16,100,400,30892,310746
10000000000000,9979000000000,10003000000000,250,16,100,400,28075,341937
10000000000000,9979000000000,10008000000000,250,16,100,400,22943,418419
10000000000000,9979000000000,10021000000000,250,16,100,400,16262,590302
10000000000000,9979000000000,10055000000000,250,16,100,400,12311,779730
10000000000000,9979000000000,10144000000000,250,16,100,400,12072,795119
10000000000000,9945000000000,10001000000000,250,16,100,400,19193,500175
10000000000000,9945000000000,10003000000000,250,16,100,400,18066,531366
10000000000000,9945000000000,10008000000000,250,16,100,400,15792,607847
10000000000000,9945000000000,10021000000000,250,16,100,400,12311,779730
10000000000000,9945000000000,10055000000000,250,16,100,400,9905,969159
10000000000000,9945000000000,10144000000000,250,16,100,400,9749,984548
10000000000000,9856000000000,10001000000000,250,16,100,400,18620,515564
10000000000000,9856000000000,10003000000000,250,16,100,400,17557,546755
10000000000000,9856000000000,10008000000000,250,16,100,400,15403,623236
10000000000000,9856000000000,10021000000000,250,16,100,400,12072,795119
10000000000000,9856000000000,10055000000000,250,16,100,400,9749,984548
10000000000000,9856000000000,10144000000000,250,16,100,400,9600,999937
10000000000000,9999000000000,10001000000000,600,16,100,400,476757,20136
10000000000000,9999000000000,10003000000000,600,16,100,400,238378,40272
10000000000000,9999000000000,10008000000000,600,16,100,400,105900,90651
10000000000000,9999000000000,10021000000000,600,16,100,400,45015,213260
10000000000000,9999000000000,10055000000000,600,16,100,400,22416,428252
10000000000000,9999000000000,10144000000000,600,16,100,400,18825,509935
10000000000000,9997000000000,10001000000000,600,16,100,400,238378,40272
10000000000000,9997000000000,10003000000000,600,16,100,400,158918,60408
10000000000000,9997000000000,10008000000000,600,16,100,400,86652,110787
10000000000000,9997000000000,10021000000000,600,16,100,400,41131,233396
10000000000000,9997000000000,10055000000000,600,16,100,400,21409,448388
10000000000000,9997000000000,10144000000000,600,16,100,400,18110,530071
10000000000000,9992000000000,10001000000000,600,16,100,400,105900,90651
10000000000000,9992000000000,10003000000000,600,16,100,400,86652,110787
10000000000000,9992000000000,10008000000000,600,16,100,400,59565,161167
10000000000000,9992000000000,10021000000000,600,16,100,400,33829,283775
10000000000000,9992000000000,10055000000000,600,16,100,400,19247,498767
10000000000000,9992000000000,10144000000000,600,16,100,400,16537,580451
10000000000000,9979000000000,10001000000000,600,16,100,400,45015,213260
10000000000000,9979000000000,10003000000000,600,16,100,400,41131,233396
10000000000000,9979000000000,10008000000000,600,16,100,400,33829,283775
10000000000000,9979000000000,10021000000000,600,16,100,400,23622,406384
10000000000000,9979000000000,10055000000000,600,16,100,400,15449,621376
10000000000000,9979000000000,10144000000000,600,16,100,400,13654,703059
10000000000000,9945000000000,10001000000000,600,16,100,400,22416,428252
10000000000000,9945000000000,10003000000000,600,16,100,400,21409,448388
10000000000000,9945000000000,10008000000000,600,16,100,400,19247,498767
10000000000000,9945000000000,10021000000000,600,16,100,400,15449,621376
10000000000000,9945000000000,10055000000000,600,16,100,400,11477,836368
10000000000000,9945000000000,10144000000000,600,16,100,400,10456,918051
10000000000000,9856000000000,10001000000000,600,16,100,400,18825,509935
10000000000000,9856000000000,10003000000000,600,16,100,400,18110,530071
10000000000000,9856000000000,10008000000000,600,16,100,400,16537,580451
10000000000000,9856000000000,10021000000000,600,16,100,400,13654,703059
10000000000000,9856000000000,10055000000000,600,16,100,400,10456,918051
10000000000000,9856000000000,10144000000000,600,16,100,400,9601,999735
10000000000000,9999000000000,10001000000000,2000,16,100,400,874634,10976
10000000000000,9999000000000,10003000000000,2000,16,100,400,435748,22031
10000000000000,9999000000000,10008000000000,2000,16,100,400,193435,49629
10000000000000,9999000000000,10021000000000,2000,16,100,400,79802,120296
10000000000000,9999000000000,10055000000000,2000,16,100,400,33812,283918
10000000000000,9999000000000,10144000000000,2000,16,100,400,19864,483260
10000000000000,9997000000000,10001000000000,2000,16,100,400,435748,22031
10000000000000,9997000000000,10003000000000,2000,16,100,400,290152,33086
10000000000000,9997000000000,10008000000000,2000,16,100,400,158196,60684
10000000000000,9997000000000,10021000000000,2000,16,100,400,73085,131351
10000000000000,9997000000000,10055000000000,2000,16,100,400,32544,294973
10000000000000,9997000000000,10144000000000,2000,16,100,400,19420,494315
10000000000000,9992000000000,10001000000000,2000,16,100,400,193435,49629
10000000000000,9992000000000,10003000000000,2000,16,100,400,158196,60684
10000000000000,9992000000000,10008000000000,2000,16,100,400,108741,88283
10000000000000,9992000000000,10021000000000,2000,16,100,400,60395,158950
10000000000000,9992000000000,10055000000000,2000,16,100,400,29760,322571
10000000000000,9992000000000,10144000000000,2000,16,100,400,18393,521913
10000000000000,9979000000000,10001000000000,2000,16,100,400,79802,120296
10000000000000,9979000000000,10003000000000,2000,16,100,400,73085,131351
10000000000000,9979000000000,10008000000000,2000,16,100,400,60395,158950
10000000000000,9979000000000,10021000000000,2000,16,100,400,41808,229617
10000000000000,9979000000000,10055000000000,2000,16,100,400,24411,393238
10000000000000,9979000000000,10144000000000,2000,16,100,400,16200,592580
10000000000000,9945000000000,10001000000000,2000,16,100,400,33812,283918
10000000000000,9945000000000,10003000000000,2000,16,100,400,32544,294973
10000000000000,9945000000000,10008000000000,2000,16,100,400,29760,322571
10000000000000,9945000000000,10021000000000,2000,16,100,400,24411,393238
10000000000000,9945000000000,10055000000000,2000,16,100,400,17238,556860
10000000000000,9945000000000,10144000000000,2000,16,100,400,12694,756202
10000000000000,9856000000000,10001000000000,2000,16,100,400,19864,483260
10000000000000,9856000000000,10003000000000,2000,16,100,400,19420,494315
10000000000000,9856000000000,10008000000000,2000,16,100,400,18393,521913
10000000000000,9856000000000,10021000000000,2000,16,100,400,16200,592580
10000000000000,9856000000000,10055000000000,2000,16,100,400,12694,756202
10000000000000,9856000000000,10144000000000,2000,16,100,400,10046,955544
10000000000000,9999000000000,10001000000000,6000,16,100,400,1519707,6317
10000000000000,9999000000000,10003000000000,6000,16,100,400,755132,12713
10000000000000,9999000000000,10008000000000,6000,16,100,400,335382,28624
10000000000000,9999000000000,10021000000000,6000,16,100,400,137060,70042
10000000000000,9999000000000,10055000000000,6000,16,100,400,55256,173732
10000000000000,9999000000000,10144000000000,6000,16,100,400,25341,378829
10000000000000,9997000000000,10001000000000,6000,16,100,400,755132,12713
10000000000000,9997000000000,10003000000000,6000,16,100,400,502380,19109
10000000000000,9997000000000,10008000000000,6000,16,100,400,274128,35020
10000000000000,9997000000000,10021000000000,6000,16,100,400,125591,76438
10000000000000,9997000000000,10055000000000,6000,16,100,400,53295,180128
10000000000000,9997000000000,10144000000000,6000,16,100,400,24919,385225
10000000000000,9992000000000,10001000000000,6000,16,100,400,335382,28624
10000000000000,9992000000000,10003000000000,6000,16,100,400,274128,35020
10000000000000,9992000000000,10008000000000,6000,16,100,400,188486,50932
10000000000000,9992000000000,10021000000000,6000,16,100,400,103952,92349
10000000000000,9992000000000,10055000000000,6000,16,100,400,48969,196039
10000000000000,9992000000000,10144000000000,6000,16,100,400,23931,401136
10000000000000,9979000000000,10001000000000,6000,16,100,400,137060,70042
10000000000000,9979000000000,10003000000000,6000,16,100,400,125591,76438
10000000000000,9979000000000,10008000000000,6000,16,100,400,103952,92349
10000000000000,9979000000000,10021000000000,6000,16,100,400,71765,133767
10000000000000,9979000000000,10055000000000,6000,16,100,400,40427,237457
10000000000000,9979000000000,10144000000000,6000,16,100,400,21692,442554
10000000000000,9945000000000,10001000000000,6000,16,100,400,55256,173732
10000000000000,9945000000000,10003000000000,6000,16,100,400,53295,180128
10000000000000,9945000000000,10008000000000,6000,16,100,400,48969,196039
10000000000000,9945000000000,10021000000000,6000,16,100,400,40427,237457
10000000000000,9945000000000,10055000000000,6000,16,100,400,28139,341147
10000000000000,9945000000000,10144000000000,6000,16,100,400,17573,546244
10000000000000,9856000000000,10001000000000,6000,16,100,400,25341,378829
10000000000000,9856000000000,10003000000000,6000,16,100,400,24919,385225
10000000000000,9856000000000,10008000000000,6000,16,100,400,23931,401136
10000000000000,9856000000000,10021000000000,6000,16,100,400,21692,442554
10000000000000,9856000000000,10055000000000,6000,16,100,400,17573,546244
10000000000000,9856000000000,10144000000000,6000,16,100,400,12776,751341
10000000000000,9999000000000,10001000000000,10,40,100,400,153889,62382
10000000000000,9999000000000,10003000000000,10,40,100,400,76920,124804
10000000000000,9999000000000,10008000000000,10,40,100,400,36080,266066
10000000000000,9999000000000,10021000000000,10,40,100,400,19935,481534
10000000000000,9999000000000,10055000000000,10,40,100,400,18072,531159
10000000000000,9999000000000,10144000000000,10,40,100,400,18072,531159
10000000000000,9997000000000,10001000000000,10,40,100,400,76920,124804
10000000000000,9997000000000,10003000000000,10,40,100,400,51274,187226
10000000000000,9997000000000,10008000000000,10,40,100,400,29224,328488
10000000000000,9997000000000,10021000000000,10,40,100,400,17647,543956
10000000000000,9997000000000,10055000000000,10,40,100,400,16172,593581
10000000000000,9997000000000,10144000000000,10,40,100,400,16172,593581
10000000000000,9992000000000,10001000000000,10,40,100,400,36080,266066
10000000000000,9992000000000,10003000000000,10,40,100,400,29224,328488
10000000000000,9992000000000,10008000000000,10,40,100,400,20435,469750
10000000000000,9992000000000,10021000000000,10,40,100,400,14009,685218
10000000000000,9992000000000,10055000000000,10,40,100,400,13063,734843
10000000000000,9992000000000,10144000000000,10,40,100,400,13063,734843
10000000000000,9979000000000,10001000000000,10,40,100,400,19935,481534
10000000000000,9979000000000,10003000000000,10,40,100,400,17647,543956
10000000000000,9979000000000,10008000000000,10,40,100,400,14009,685218
10000000000000,9979000000000,10021000000000,10,40,100,400,10657,900687
10000000000000,9979000000000,10055000000000,10,40,100,400,10101,950312
10000000000000,9979000000000,10144000000000,10,40,100,400,10101,950312
10000000000000,9945000000000,10001000000000,10,40,100,400,18072,531159
10000000000000,9945000000000,10003000000000,10,40,100,400,16172,593581
10000000000000,9945000000000,10008000000000,10,40,100,400,13063,734843
10000000000000,9945000000000,10021000000000,10,40,100,400,10101,950312
10000000000000,9945000000000,10055000000000,10,40,100,400,9600,999937
10000000000000,9945000000000,10144000000000,10,40,100,400,9600,999937
10000000000000,9856000000000,10001000000000,10,40,100,400,18072,531159
10000000000000,9856000000000,10003000000000,10,40,100,400,16172,593581
10000000000000,9856000000000,10008000000000,10,40,100,400,13063,734843
10000000000000,9856000000000,10021000000000,10,40,100,400,10101,950312
10000000000000,9856000000000,10055000000000,10,40,100,400,9600,999937
10000000000000,9856000000000,10144000000000,10,40,100,400,9600,999937
10000000000000,9999000000000,10001000000000,25,40,100,400,243147,39482
10000000000000,9999000000000,10003000000000,25,40,100,400,121573,78964
10000000000000,9999000000000,10008000000000,25,40,100,400,55139,174101
10000000000000,9999000000000,10021000000000,25,40,100,400,25827,371686
10000000000000,9999000000000,10055000000000,25,40,100,400,18576,516761
10000000000000,9999000000000,10144000000000,25,40,100,400,18471,519709
10000000000000,9997000000000,10001000000000,25,40,100,400,121573,78964
10000000000000,9997000000000,10003000000000,25,40,100,400,81048,118447
10000000000000,9997000000000,10008000000000,25,40,100,400,44947,213583
10000000000000,9997000000000,10021000000000,25,40,100,400,23347,411169
10000000000000,9997000000000,10055000000000,25,40,100,400,17257,556243
10000000000000,9997000000000,10144000000000,25,40,100,400,17166,559192
10000000000000,9992000000000,10001000000000,25,40,100,400,55139,174101
10000000000000,9992000000000,10003000000000,25,40,100,400,44947,213583
10000000000000,9992000000000,10008000000000,25,40,100,400,31095,308720
10000000000000,9992000000000,10021000000000,25,40,100,400,18960,506305
10000000000000,9992000000000,10055000000000,25,40,100,400,14737,651380
10000000000000,9992000000000,10144000000000,25,40,100,400,14670,654328
10000000000000,9979000000000,10001000000000,25,40,100,400,25827,371686
10000000000000,9979000000000,10003000000000,25,40,100,400,23347,411169
10000000000000,9979000000000,10008000000000,25,40,100,400,18960,506305
10000000000000,9979000000000,10021000000000,25,40,100,400,13637,703891
10000000000000,9979000000000,10055000000000,25,40,100,400,11307,848965
10000000000000,9979000000000,10144000000000,25,40,100,400,11268,851914
10000000000000,9945000000000,10001000000000,25,40,100,400,18576,516761
10000000000000,9945000000000,10003000000000,25,40,100,400,17257,556243
10000000000000,9945000000000,10008000000000,25,40,100,400,14737,651380
10000000000000,9945000000000,10021000000000,25,40,100,400,11307,848965
10000000000000,9945000000000,10055000000000,25,40,100,400,9656,994040
10000000000000,9945000000000,10144000000000,25,40,100,400,9628,996988
10000000000000,9856000000000,10001000000000,25,40,100,400,18471,519709
10000000000000,9856000000000,10003000000000,25,40,100,400,17166,559192
10000000000000,9856000000000,10008000000000,25,40,100,400,14670,654328
10000000000000,9856000000000,10021000000000,25,40,100,400,11268,851914
10000000000000,9856000000000,10055000000000,25,40,100,400,9628,996988
10000000000000,9856000000000,10144000000000,25,40,100,400,9600,999937
10000000000000,9999000000000,10001000000000,50,40,100,400,344406,27874
10000000000000,9999000000000,10003000000000,50,40,100,400,172080,55788
10000000000000,9999000000000,10008000000000,50,40,100,400,76914,124813
10000000000000,9999000000000,10021000000000,50,40,100,400,33705,284819
10000000000000,9999000000000,10055000000000,50,40,100,400,19698,487344
10000000000000,9999000000000,10144000000000,50,40,100,400,18679,513905
10000000000000,9997000000000,10001000000000,50,40,100,400,172080,55788
10000000000000,9997000000000,10003000000000,50,40,100,400,114691,83703
10000000000000,9997000000000,10008000000000,50,40,100,400,62856,152727
10000000000000,9997000000000,10021000000000,50,40,100,400,30696,312734
10000000000000,9997000000000,10055000000000,50,40,100,400,18630,515258
10000000000000,9997000000000,10144000000000,50,40,100,400,17717,541820
10000000000000,9992000000000,10001000000000,50,40,100,400,76914,124813
10000000000000,9992000000000,10003000000000,50,40,100,400,62856,152727
10000000000000,9992000000000,10008000000000,50,40,100,400,43291,221752
10000000000000,9992000000000,10021000000000,50,40,100,400,25146,381758
10000000000000,9992000000000,10055000000000,50,40,100,400,16429,584283
10000000000000,9992000000000,10144000000000,50,40,100,400,15715,610844
10000000000000,9979000000000,10001000000000,50,40,100,400,33705,284819
10000000000000,9979000000000,10003000000000,50,40,100,400,30696,312734
10000000000000,9979000000000,10008000000000,50,40,100,400,25146,381758
10000000000000,9979000000000,10021000000000,50,40,100,400,17719,541765
10000000000000,9979000000000,10055000000000,50,40,100,400,12897,744289
10000000000000,9979000000000,10144000000000,50,40,100,400,12453,770851
10000000000000,9945000000000,10001000000000,50,40,100,400,19698,487344
10000000000000,9945000000000,10003000000000,50,40,100,400,18630,515258
10000000000000,9945000000000,10008000000000,50,40,100,400,16429,584283
10000000000000,9945000000000,10021000000000,50,40,100,400,12897,744289
10000000000000,9945000000000,10055000000000,50,40,100,400,10138,946814
10000000000000,9945000000000,10144000000000,50,40,100,400,9862,973375
10000000000000,9856000000000,10001000000000,50,40,100,400,18679,513905
10000000000000,9856000000000,10003000000000,50,40,100,400,17717,541820
10000000000000,9856000000000,10008000000000,50,40,100,400,15715,610844
10000000000000,9856000000000,10021000000000,50,40,100,400,12453,770851
10000000000000,9856000000000,10055000000000,50,40,100,400,9862,973375
10000000000000,9856000000000,10144000000000,50,40,100,400,9600,999937
10000000000000,9999000000000,10001000000000,100,40,100,400,486296,19741
10000000000000,9999000000000,10003000000000,100,40,100,400,243147,39482
10000000000000,9999000000000,10008000000000,100,40,100,400,108065,88835
10000000000000,9999000000000,10021000000000,100,40,100,400,45817,209524
10000000000000,9999000000000,10055000000000,100,40,100,400,22659,423642
10000000000000,9999000000000,10144000000000,100,40,100,400,18834,509695
10000000000000,9997000000000,10001000000000,100,40,100,400,243147,39482
10000000000000,9997000000000,10003000000000,100,40,100,400,162098,59223
10000000000000,9997000000000,10008000000000,100,40,100,400,88416,108576
10000000000000,9997000000000,10021000000000,100,40,100,400,41872,229265
10000000000000,9997000000000,10055000000000,100,40,100,400,21650,443383
10000000000000,9997000000000,10144000000000,100,40,100,400,18132,529436
10000000000000,9992000000000,10001000000000,100,40,100,400,108065,88835
10000000000000,9992000000000,10003000000000,100,40,100,400,88416,108576
10000000000000,9992000000000,10008000000000,100,40,100,400,60786,157930
10000000000000,9992000000000,10021000000000,100,40,100,400,34455,278618
10000000000000,9992000000000,10055000000000,100,40,100,400,19482,492736
10000000000000,9992000000000,10144000000000,100,40,100,400,16585,578790
10000000000000,9979000000000,10001000000000,100,40,100,400,45817,209524
10000000000000,9979000000000,10003000000000,100,40,100,400,41872,229265
10000000000000,9979000000000,10008000000000,100,40,100,400,34455,278618
10000000000000,9979000000000,10021000000000,100,40,100,400,24041,399307
10000000000000,9979000000000,10055000000000,100,40,100,400,15648,613425
10000000000000,9979000000000,10144000000000,100,40,100,400,13724,699478
10000000000000,9945000000000,10001000000000,100,40,100,400,22659,423642
10000000000000,9945000000000,10003000000000,100,40,100,400,21650,443383
10000000000000,9945000000000,10008000000000,100,40,100,400,19482,492736
10000000000000,9945000000000,10021000000000,100,40,100,400,15648,613425
10000000000000,9945000000000,10055000000000,100,40,100,400,11599,827543
10000000000000,9945000000000,10144000000000,100,40,100,400,10507,913596
10000000000000,9856000000000,10001000000000,100,40,100,400,18834,509695
10000000000000,9856000000000,10003000000000,100,40,100,400,18132,529436
10000000000000,9856000000000,10008000000000,100,40,100,400,16585,578790
10000000000000,9856000000000,10021000000000,100,40,100,400,13724,699478
10000000000000,9856000000000,10055000000000,100,40,100,400,10507,913596
10000000000000,9856000000000,10144000000000,100,40,100,400,9602,999650
10000000000000,9999000000000,10001000000000,250,40,100,400,769476,12476
10000000000000,9999000000000,10003000000000,250,40,100,400,384738,24952
10000000000000,9999000000000,10008000000000,250,40,100,400,170988,56144
10000000000000,9999000000000,10021000000000,250,40,100,400,70917,135368
10000000000000,9999000000000,10055000000000,250,40,100,400,30756,312128
10000000000000,9999000000000,10144000000000,250,40,100,400,19406,494658
10000000000000,9997000000000,10001000000000,250,40,100,400,384738,24952
10000000000000,9997000000000,10003000000000,250,40,100,400,256485,37429
10000000000000,9997000000000,10008000000000,250,40,100,400,139900,68620
10000000000000,9997000000000,10021000000000,250,40,100,400,64932,147844
10000000000000,9997000000000,10055000000000,250,40,100,400,29573,324605
10000000000000,9997000000000,10144000000000,250,40,100,400,18929,507134
10000000000000,9992000000000,10001000000000,250,40,100,400,170988,56144
10000000000000,9992000000000,10003000000000,250,40,100,400,139900,68620
10000000000000,9992000000000,10008000000000,250,40,100,400,96180,99812
10000000000000,9992000000000,10021000000000,250,40,100,400,53619,179036
10000000000000,9992000000000,10055000000000,250,40,100,400,26980,355796
10000000000000,9992000000000,10144000000000,250,40,100,400,17832,538326
10000000000000,9979000000000,10001000000000,250,40,100,400,70917,135368
10000000000000,9979000000000,10003000000000,250,40,100,400,64932,147844
10000000000000,9979000000000,10008000000000,250,40,100,400,53619,179036
10000000000000,9979000000000,10021000000000,250,40,100,400,37171,258260
10000000000000,9979000000000,10055000000000,250,40,100,400,22067,435020
10000000000000,9979000000000,10144000000000,250,40,100,400,15545,617550
10000000000000,9945000000000,10001000000000,250,40,100,400,30756,312128
10000000000000,9945000000000,10003000000000,250,40,100,400,29573,324605
10000000000000,9945000000000,10008000000000,250,40,100,400,26980,355796
10000000000000,9945000000000,10021000000000,250,40,100,400,22067,435020
10000000000000,9945000000000,10055000000000,250,40,100,400,15691,611781
10000000000000,9945000000000,10144000000000,250,40,100,400,12085,794310
10000000000000,9856000000000,10001000000000,250,40,100,400,19406,494658
10000000000000,9856000000000,10003000000000,250,40,100,400,18929,507134
10000000000000,9856000000000,10008000000000,250,40,100,400,17832,538326
10000000000000,9856000000000,10021000000000,250,40,100,400,15545,617550
10000000000000,9856000000000,10055000000000,250,40,100,400,12085,794310
10000000000000,9856000000000,10144000000000,250,40,100,400,9827,976840
10000000000000,9999000000000,10001000000000,600,40,100,400,1191954,8054
10000000000000,9999000000000,10003000000000,600,40,100,400,595976,16108
10000000000000,9999000000000,10008000000000,600,40,100,400,264870,36244
10000000000000,9999000000000,10021000000000,600,40,100,400,108305,88638
10000000000000,9999000000000,10055000000000,600,40,100,400,44531,215573
10000000000000,9999000000000,10144000000000,600,40,100,400,22195,432512
10000000000000,9997000000000,10001000000000,600,40,100,400,595976,16108
10000000000000,9997000000000,10003000000000,600,40,100,400,397300,24163
10000000000000,9997000000000,10008000000000,600,40,100,400,216708,44299
10000000000000,9997000000000,10021000000000,600,40,100,400,99284,96692
10000000000000,9997000000000,10055000000000,600,40,100,400,42928,223628
10000000000000,9997000000000,10144000000000,600,40,100,400,21790,440566
10000000000000,9992000000000,10001000000000,600,40,100,400,264870,36244
10000000000000,9992000000000,10003000000000,600,40,100,400,216708,44299
10000000000000,9992000000000,10008000000000,600,40,100,400,148987,64435
10000000000000,9992000000000,10021000000000,600,40,100,400,82171,116828
10000000000000,9992000000000,10055000000000,600,40,100,400,39382,243764
10000000000000,9992000000000,10144000000000,600,40,100,400,20837,460702
10000000000000,9979000000000,10001000000000,600,40,100,400,108305,88638
10000000000000,9979000000000,10003000000000,600,40,100,400,99284,96692
10000000000000,9979000000000,10008000000000,600,40,100,400,82171,116828
10000000000000,9979000000000,10021000000000,600,40,100,400,56729,169222
10000000000000,9979000000000,10055000000000,600,40,100,400,32414,296157
10000000000000,9979000000000,10144000000000,600,40,100,400,18709,513096
10000000000000,9945000000000,10001000000000,600,40,100,400,44531,215573
10000000000000,9945000000000,10003000000000,600,40,100,400,42928,223628
10000000000000,9945000000000,10008000000000,600,40,100,400,39382,243764
10000000000000,9945000000000,10021000000000,600,40,100,400,32414,296157
10000000000000,9945000000000,10055000000000,600,40,100,400,22689,423093
10000000000000,9945000000000,10144000000000,600,40,100,400,14999,640031
10000000000000,9856000000000,10001000000000,600,40,100,400,22195,432512
10000000000000,9856000000000,10003000000000,600,40,100,400,21790,440566
10000000000000,9856000000000,10008000000000,600,40,100,400,20837,460702
10000000000000,9856000000000,10021000000000,600,40,100,400,18709,513096
10000000000000,9856000000000,10055000000000,600,40,100,400,14999,640031
10000000000000,9856000000000,10144000000000,600,40,100,400,11202,856970
10000000000000,9999000000000,10001000000000,2000,40,100,400,2210452,4343
10000000000000,9999000000000,10003000000000,2000,40,100,400,1095264,8765
10000000000000,9999000000000,10008000000000,2000,40,100,400,484358,19820
10000000000000,9999000000000,10021000000000,2000,40,100,400,198002,48484
10000000000000,9999000000000,10055000000000,2000,40,100,400,78576,122174
10000000000000,9999000000000,10144000000000,2000,40,100,400,33048,290471
10000000000000,9997000000000,10001000000000,2000,40,100,400,1095264,8765
10000000000000,9997000000000,10003000000000,2000,40,100,400,727989,13187
10000000000000,9997000000000,10008000000000,2000,40,100,400,396006,24242
10000000000000,9997000000000,10021000000000,2000,40,100,400,181453,52906
10000000000000,9997000000000,10055000000000,2000,40,100,400,75831,126596
10000000000000,9997000000000,10144000000000,2000,40,100,400,32553,294893
10000000000000,9992000000000,10001000000000,2000,40,100,400,484358,19820
10000000000000,9992000000000,10003000000000,2000,40,100,400,396006,24242
10000000000000,9992000000000,10008000000000,2000,40,100,400,271977,35297
10000000000000,9992000000000,10021000000000,2000,40,100,400,150091,63961
10000000000000,9992000000000,10055000000000,2000,40,100,400,69741,137651
10000000000000,9992000000000,10144000000000,2000,40,100,400,31377,305948
10000000000000,9979000000000,10001000000000,2000,40,100,400,198002,48484
10000000000000,9979000000000,10003000000000,2000,40,100,400,181453,52906
10000000000000,9979000000000,10008000000000,2000,40,100,400,150091,63961
10000000000000,9979000000000,10021000000000,2000,40,100,400,103642,92626
10000000000000,9979000000000,10055000000000,2000,40,100,400,57720,166316
10000000000000,9979000000000,10144000000000,2000,40,100,400,28689,334612
10000000000000,9945000000000,10001000000000,2000,40,100,400,78576,122174
10000000000000,9945000000000,10003000000000,2000,40,100,400,75831,126596
10000000000000,9945000000000,10008000000000,2000,40,100,400,69741,137651
10000000000000,9945000000000,10021000000000,2000,40,100,400,57720,166316
10000000000000,9945000000000,10055000000000,2000,40,100,400,39998,240006
10000000000000,9945000000000,10144000000000,2000,40,100,400,23511,408302
10000000000000,9856000000000,10001000000000,2000,40,100,400,33048,290471
10000000000000,9856000000000,10003000000000,2000,40,100,400,32553,294893
10000000000000,9856000000000,10008000000000,2000,40,100,400,31377,305948
10000000000000,9856000000000,10021000000000,2000,40,100,400,28689,334612
10000000000000,9856000000000,10055000000000,2000,40,100,400,23511,408302
10000000000000,9856000000000,10144000000000,2000,40,100,400,16649,576599
10000000000000,9999000000000,10001000000000,6000,40,100,400,3800474,2526
10000000000000,9999000000000,10003000000000,6000,40,100,400,1899861,5053
10000000000000,9999000000000,10008000000000,6000,40,100,400,838500,11449
10000000000000,9999000000000,10021000000000,6000,40,100,400,342954,27992
10000000000000,9999000000000,10055000000000,6000,40,100,400,134558,71344
10000000000000,9999000000000,10144000000000,6000,40,100,400,53443,179628
10000000000000,9997000000000,10001000000000,6000,40,100,400,1899861,5053
10000000000000,9997000000000,10003000000000,6000,40,100,400,1266490,7580
10000000000000,9997000000000,10008000000000,6000,40,100,400,686891,13976
10000000000000,9997000000000,10021000000000,6000,40,100,400,314557,30519
10000000000000,9997000000000,10055000000000,6000,40,100,400,129956,73871
10000000000000,9997000000000,10144000000000,6000,40,100,400,52702,182155
10000000000000,9992000000000,10001000000000,6000,40,100,400,838500,11449
10000000000000,9992000000000,10003000000000,6000,40,100,400,686891,13976
10000000000000,9992000000000,10008000000000,6000,40,100,400,471211,20373
10000000000000,9992000000000,10021000000000,6000,40,100,400,260049,36916
10000000000000,9992000000000,10055000000000,6000,40,100,400,119598,80268
10000000000000,9992000000000,10144000000000,6000,40,100,400,50914,188551
10000000000000,9979000000000,10001000000000,6000,40,100,400,342954,27992
10000000000000,9979000000000,10003000000000,6000,40,100,400,314557,30519
10000000000000,9979000000000,10008000000000,6000,40,100,400,260049,36916
10000000000000,9979000000000,10021000000000,6000,40,100,400,179576,53459
10000000000000,9979000000000,10055000000000,6000,40,100,400,99162,96811
10000000000000,9979000000000,10144000000000,6000,40,100,400,46807,205094
10000000000000,9945000000000,10001000000000,6000,40,100,400,134558,71344
10000000000000,9945000000000,10003000000000,6000,40,100,400,129956,73871
10000000000000,9945000000000,10008000000000,6000,40,100,400,119598,80268
10000000000000,9945000000000,10021000000000,6000,40,100,400,99162,96811
10000000000000,9945000000000,10055000000000,6000,40,100,400,68491,140163
10000000000000,9945000000000,10144000000000,6000,40,100,400,38640,248446
10000000000000,9856000000000,10001000000000,6000,40,100,400,53443,179628
10000000000000,9856000000000,10003000000000,6000,40,100,400,52702,182155
10000000000000,9856000000000,10008000000000,6000,40,100,400,50914,188551
10000000000000,9856000000000,10021000000000,6000,40,100,400,46807,205094
10000000000000,9856000000000,10055000000000,6000,40,100,400,38640,248446
10000000000000,9856000000000,10144000000000,6000,40,100,400,26910,356730
200000000,199980000,200020000,10,12,100,400,46280,207430
200000000,199980000,200060000,10,12,100,400,24733,388126
200000000,199980000,200160000,10,12,100,400,16394,585524
200000000,199980000,200420000,10,12,100,400,15901,603683
200000000,199980000,201100000,10,12,100,400,15901,603683
200000000,199980000,202880000,10,12,100,400,15901,603683
200000000,199940000,200020000,10,12,100,400,24733,388126
200000000,199940000,200060000,10,12,100,400,16876,568823
200000000,199940000,200160000,10,12,100,400,12528,766221
200000000,199940000,200420000,10,12,100,400,12238,784380
200000000,199940000,201100000,10,12,100,400,12238,784380
200000000,199940000,202880000,10,12,100,400,12238,784380
200000000,199840000,200020000,10,12,100,400,16394,585524
200000000,199840000,200060000,10,12,100,400,12528,766221
200000000,199840000,200160000,10,12,100,400,9961,963619
200000000,199840000,200420000,10,12,100,400,9777,981778
200000000,199840000,201100000,10,12,100,400,9777,981778
200000000,199840000,202880000,10,12,100,400,9777,981778
200000000,199580000,200020000,10,12,100,400,15901,603683
200000000,199580000,200060000,10,12,100,400,12238,784380
200000000,199580000,200160000,10,12,100,400,9777,981778
200000000,199580000,200420000,10,12,100,400,9600,999937
200000000,199580000,201100000,10,12,100,400,9600,999937
200000000,199580000,202880000,10,12,100,400,9600,999937
200000000,198900000,200020000,10,12,100,400,15901,603683
200000000,198900000,200060000,10,12,100,400,12238,784380
200000000,198900000,200160000,10,12,100,400,9777,981778
200000000,198900000,200420000,10,12,100,400,9600,999937
200000000,198900000,201100000,10,12,100,400,9600,999937
200000000,198900000,202880000,10,12,100,400,9600,999937
200000000,197120000,200020000,10,12,100,400,15901,603683
200000000,197120000,200060000,10,12,100,400,12238,784380
200000000,197120000,200160000,10,12,100,400,9777,981778
200000000,197120000,200420000,10,12,100,400,9600,999937
200000000,197120000,201100000,10,12,100,400,9600,999937
200000000,197120000,202880000,10,12,100,400,9600,999937
200000000,199980000,200020000,25,12,100,400,72972,131556
200000000,199980000,200060000,25,12,100,400,37319,257240
200000000,199980000,200160000,25,12,100,400,20292,473070
200000000,199980000,200420000,25,12,100,400,16974,565545
200000000,199980000,201100000,25,12,100,400,16968,565746
200000000,199980000,202880000,25,12,100,400,16968,565746
200000000,199940000,200020000,25,12,100,400,37319,257240
200000000,199940000,200060000,25,12,100,400,25069,382925
200000000,199940000,200160000,25,12,100,400,16032,598754
200000000,199940000,200420000,25,12,100,400,13887,691230
200000000,199940000,201100000,25,12,100,400,13883,691431
200000000,199940000,202880000,25,12,100,400,13883,691431
200000000,199840000,200020000,25,12,100,400,20292,473070
200000000,199840000,200060000,25,12,100,400,16032,598754
200000000,199840000,200160000,25,12,100,400,11784,814584
200000000,199840000,200420000,25,12,100,400,10583,907059
200000000,199840000,201100000,25,12,100,400,10581,907260
200000000,199840000,202880000,25,12,100,400,10581,907260
200000000,199580000,200020000,25,12,100,400,16974,565545
200000000,199580000,200060000,25,12,100,400,13887,691230
200000000,199580000,200160000,25,12,100,400,10583,907059
200000000,199580000,200420000,25,12,100,400,9603,999535
200000000,199580000,201100000,25,12,100,400,9601,999736
200000000,199580000,202880000,25,12,100,400,9601,999736
200000000,198900000,200020000,25,12,100,400,16968,565746
200000000,198900000,200060000,25,12,100,400,13883,691431
200000000,198900000,200160000,25,12,100,400,10581,907260
200000000,198900000,200420000,25,12,100,400,9601,999736
200000000,198900000,201100000,25,12,100,400,9600,999937
200000000,198900000,202880000,25,12,100,400,9600,999937
200000000,197120000,200020000,25,12,100,400,16968,565746
200000000,197120000,200060000,25,12,100,400,13883,691431
200000000,197120000,200160000,25,12,100,400,10581,907260
200000000,197120000,200420000,25,12,100,400,9601,999736
200000000,197120000,201100000,25,12,100,400,9600,999937
200000000,197120000,202880000,25,12,100,400,9600,999937
200000000,199980000,200020000,50,12,100,400,103201,93021
200000000,199980000,200060000,50,12,100,400,52282,183617
200000000,199980000,200160000,50,12,100,400,25784,372303
200000000,199980000,200420000,50,12,100,400,17787,539694
200000000,199980000,201100000,50,12,100,400,17566,546479
200000000,199980000,202880000,50,12,100,400,17566,546479
200000000,199940000,200020000,50,12,100,400,52282,183617
200000000,199940000,200060000,50,12,100,400,35008,274214
200000000,199940000,200160000,50,12,100,400,20737,462899
200000000,199940000,200420000,50,12,100,400,15230,630291
200000000,199940000,201100000,50,12,100,400,15068,637075
200000000,199940000,202880000,50,12,100,400,15068,637075
200000000,199840000,200020000,50,12,100,400,25784,372303
200000000,199840000,200060000,50,12,100,400,20737,462899
200000000,199840000,200160000,50,12,100,400,14733,651585
200000000,199840000,200420000,50,12,100,400,11721,818976
200000000,199840000,201100000,50,12,100,400,11625,825761
200000000,199840000,202880000,50,12,100,400,11625,825761
200000000,199580000,200020000,50,12,100,400,17787,539694
200000000,199580000,200060000,50,12,100,400,15230,630291
200000000,199580000,200160000,50,12,100,400,11721,818976
200000000,199580000,200420000,50,12,100,400,9732,986368
200000000,199580000,201100000,50,12,100,400,9665,993152
200000000,199580000,202880000,50,12,100,400,9665,993152
200000000,198900000,200020000,50,12,100,400,17566,546479
200000000,198900000,200060000,50,12,100,400,15068,637075
200000000,198900000,200160000,50,12,100,400,11625,825761
200000000,198900000,200420000,50,12,100,400,9665,993152
200000000,198900000,201100000,50,12,100,400,9600,999937
200000000,198900000,202880000,50,12,100,400,9600,999937
200000000,197120000,200020000,50,12,100,400,17566,546479
200000000,197120000,200060000,50,12,100,400,15068,637075
200000000,197120000,200160000,50,12,100,400,11625,825761
200000000,197120000,200420000,50,12,100,400,9665,993152
200000000,197120000,201100000,50,12,100,400,9600,999937
200000000,197120000,202880000,50,12,100,400,9600,999937
200000000,199980000,200020000,100,12,100,400,145944,65778
200000000,199980000,200060000,100,12,100,400,72950,131595
200000000,199980000,200160000,100,12,100,400,34416,278936
200000000,199980000,200420000,100,12,100,400,19478,492830
200000000,199980000,201100000,100,12,100,400,18015,532857
200000000,199980000,202880000,100,12,100,400,18015,532857
200000000,199940000,200020000,100,12,100,400,72950,131595
200000000,199940000,200060000,100,12,100,400,48628,197413
200000000,199940000,200160000,100,12,100,400,27845,344754
200000000,199940000,200420000,100,12,100,400,17184,558647
200000000,199940000,201100000,100,12,100,400,16034,598675
200000000,199940000,202880000,100,12,100,400,16034,598675
200000000,199840000,200020000,100,12,100,400,34416,278936
200000000,199840000,200060000,100,12,100,400,27845,344754
200000000,199840000,200160000,100,12,100,400,19508,492095
200000000,199840000,200420000,100,12,100,400,13597,705988
200000000,199840000,201100000,100,12,100,400,12867,746016
200000000,199840000,202880000,100,12,100,400,12867,746016
200000000,199580000,200020000,100,12,100,400,19478,492830
200000000,199580000,200060000,100,12,100,400,17184,558647
200000000,199580000,200160000,100,12,100,400,13597,705988
200000000,199580000,200420000,100,12,100,400,10435,919882
200000000,199580000,201100000,100,12,100,400,10000,959909
200000000,199580000,202880000,100,12,100,400,10000,959909
200000000,198900000,200020000,100,12,100,400,18015,532857
200000000,198900000,200060000,100,12,100,400,16034,598675
200000000,198900000,200160000,100,12,100,400,12867,746016
200000000,198900000,200420000,100,12,100,400,10000,959909
200000000,198900000,201100000,100,12,100,400,9600,999937
200000000,198900000,202880000,100,12,100,400,9600,999937
200000000,197120000,200020000,100,12,100,400,18015,532857
200000000,197120000,200060000,100,12,100,400,16034,598675
200000000,197120000,200160000,100,12,100,400,12867,746016
200000000,197120000,200420000,100,12,100,400,10000,959909
200000000,197120000,201100000,100,12,100,400,9600,999937
200000000,197120000,202880000,100,12,100,400,9600,999937
200000000,199980000,200020000,250,12,100,400,230690,41614
200000000,199980000,200060000,250,12,100,400,115344,83228
200000000,199980000,200160000,250,12,100,400,52406,183181
200000000,199980000,200420000,250,12,100,400,24947,384795
200000000,199980000,201100000,250,12,100,400,18504,518797
200000000,199980000,202880000,250,12,100,400,18433,520775
200000000,199940000,200020000,250,12,100,400,115344,83228
200000000,199940000,200060000,250,12,100,400,76896,124843
200000000,199940000,200160000,250,12,100,400,42704,224795
200000000,199940000,200420000,250,12,100,400,22512,426409
200000000,199940000,201100000,250,12,100,400,17130,560411
200000000,199940000,202880000,250,12,100,400,17069,562390
200000000,199840000,200020000,250,12,100,400,52406,183181
200000000,199840000,200060000,250,12,100,400,42704,224795
200000000,199840000,200160000,250,12,100,400,29561,324748
200000000,199840000,200420000,250,12,100,400,18238,526362
200000000,199840000,201100000,250,12,100,400,14537,660364
200000000,199840000,202880000,250,12,100,400,14493,662342
200000000,199580000,200020000,250,12,100,400,24947,384795
200000000,199580000,200060000,250,12,100,400,22512,426409
200000000,199580000,200160000,250,12,100,400,18238,526362
200000000,199580000,200420000,250,12,100,400,13186,727976
200000000,199580000,201100000,250,12,100,400,11136,861978
200000000,199580000,202880000,250,12,100,400,11111,863956
200000000,198900000,200020000,250,12,100,400,18504,518797
200000000,198900000,200060000,250,12,100,400,17130,560411
200000000,198900000,200160000,250,12,100,400,14537,660364
200000000,198900000,200420000,250,12,100,400,11136,861978
200000000,198900000,201100000,250,12,100,400,9638,995980
200000000,198900000,202880000,250,12,100,400,9619,997958
200000000,197120000,200020000,250,12,100,400,18433,520775
200000000,197120000,200060000,250,12,100,400,17069,562390
200000000,197120000,200160000,250,12,100,400,14493,662342
200000000,197120000,200420000,250,12,100,400,11111,863956
200000000,197120000,201100000,250,12,100,400,9619,997958
200000000,197120000,202880000,250,12,100,400,9600,999937
200000000,199980000,200020000,600,12,100,400,357568,26848
200000000,199980000,200060000,600,12,100,400,178783,53696
200000000,199980000,200160000,600,12,100,400,79779,120330
200000000,199980000,200420000,600,12,100,400,34892,275132
200000000,199980000,201100000,600,12,100,400,19926,481756
200000000,199980000,202880000,600,12,100,400,18698,513392
200000000,199940000,200020000,600,12,100,400,178783,53696
200000000,199940000,200060000,600,12,100,400,119188,80544
200000000,199940000,200160000,600,12,100,400,65226,147178
200000000,199940000,200420000,600,12,100,400,31789,301980
200000000,199940000,201100000,600,12,100,400,18874,508604
200000000,199940000,202880000,600,12,100,400,17769,540240
200000000,199840000,200020000,600,12,100,400,79779,120330
200000000,199840000,200060000,600,12,100,400,65226,147178
200000000,199840000,200160000,600,12,100,400,44899,213812
200000000,199840000,200420000,600,12,100,400,26042,368614
200000000,199840000,201100000,600,12,100,400,16688,575238
200000000,199840000,202880000,600,12,100,400,15817,606874
200000000,199580000,200020000,600,12,100,400,34892,275132
200000000,199580000,200060000,600,12,100,400,31789,301980
200000000,199580000,200160000,600,12,100,400,26042,368614
200000000,199580000,200420000,600,12,100,400,18340,523417
200000000,199580000,201100000,600,12,100,400,13149,730040
200000000,199580000,202880000,600,12,100,400,12602,761677
200000000,198900000,200020000,600,12,100,400,19926,481756
200000000,198900000,200060000,600,12,100,400,18874,508604
200000000,198900000,200160000,600,12,100,400,16688,575238
200000000,198900000,200420000,600,12,100,400,13149,730040
200000000,198900000,201100000,600,12,100,400,10248,936664
200000000,198900000,202880000,600,12,100,400,9913,968300
200000000,197120000,200020000,600,12,100,400,18698,513392
200000000,197120000,200060000,600,12,100,400,17769,540240
200000000,197120000,200160000,600,12,100,400,15817,606874
200000000,197120000,200420000,600,12,100,400,12602,761677
200000000,197120000,201100000,600,12,100,400,9913,968300
200000000,197120000,202880000,600,12,100,400,9600,999937
200000000,199980000,200020000,2000,12,100,400,653639,14687
200000000,199980000,200060000,2000,12,100,400,326375,29414
200000000,199980000,200160000,2000,12,100,400,145076,66172
200000000,199980000,200420000,2000,12,100,400,60576,158475
200000000,199980000,201100000,2000,12,100,400,27121,353946
200000000,199980000,202880000,2000,12,100,400,19065,503501
200000000,199940000,200020000,2000,12,100,400,326375,29414
200000000,199940000,200060000,2000,12,100,400,217484,44141
200000000,199940000,200160000,2000,12,100,400,118665,80899
200000000,199940000,200420000,2000,12,100,400,55426,173202
200000000,199940000,201100000,2000,12,100,400,26039,368673
200000000,199940000,202880000,2000,12,100,400,18524,518228
200000000,199840000,200020000,2000,12,100,400,145076,66172
200000000,199840000,200060000,2000,12,100,400,118665,80899
200000000,199840000,200160000,2000,12,100,400,81592,117658
200000000,199840000,200420000,2000,12,100,400,45721,209961
200000000,199840000,201100000,2000,12,100,400,23678,405431
200000000,199840000,202880000,2000,12,100,400,17297,554987
200000000,199580000,200020000,2000,12,100,400,60576,158475
200000000,199580000,200060000,2000,12,100,400,55426,173202
200000000,199580000,200160000,2000,12,100,400,45721,209961
200000000,199580000,200420000,2000,12,100,400,31759,302264
200000000,199580000,201100000,2000,12,100,400,19287,497734
200000000,199580000,202880000,2000,12,100,400,14831,647290
200000000,198900000,200020000,2000,12,100,400,27121,353946
200000000,198900000,200060000,2000,12,100,400,26039,368673
200000000,198900000,200160000,2000,12,100,400,23678,405431
200000000,198900000,200420000,2000,12,100,400,19287,497734
200000000,198900000,201100000,2000,12,100,400,13848,693205
200000000,198900000,202880000,2000,12,100,400,11390,842760
200000000,197120000,200020000,2000,12,100,400,19065,503501
200000000,197120000,200060000,2000,12,100,400,18524,518228
200000000,197120000,200160000,2000,12,100,400,17297,554987
200000000,197120000,200420000,2000,12,100,400,14831,647290
200000000,197120000,201100000,2000,12,100,400,11390,842760
200000000,197120000,202880000,2000,12,100,400,9673,992316
200000000,199980000,200020000,6000,12,100,400,1136229,8449
200000000,199980000,200060000,6000,12,100,400,566806,16937
200000000,199980000,200160000,6000,12,100,400,251447,38179
200000000,199980000,200420000,6000,12,100,400,102767,93415
200000000,199980000,201100000,6000,12,100,400,42528,225731
200000000,199980000,202880000,6000,12,100,400,21685,442681
200000000,199940000,200020000,6000,12,100,400,566806,16937
200000000,199940000,200060000,6000,12,100,400,377566,25426
200000000,199940000,200160000,6000,12,100,400,205707,46668
200000000,199940000,200420000,6000,12,100,400,94205,101904
200000000,199940000,201100000,6000,12,100,400,40986,234220
200000000,199940000,202880000,6000,12,100,400,21277,451170
200000000,199840000,200020000,6000,12,100,400,251447,38179
200000000,199840000,200060000,6000,12,100,400,205707,46668
200000000,199840000,200160000,6000,12,100,400,141362,67910
200000000,199840000,200420000,6000,12,100,400,77955,123146
200000000,199840000,201100000,6000,12,100,400,37578,255462
200000000,199840000,202880000,6000,12,100,400,20320,472412
200000000,199580000,200020000,6000,12,100,400,102767,93415
200000000,199580000,200060000,6000,12,100,400,94205,101904
200000000,199580000,200160000,6000,12,100,400,77955,123146
200000000,199580000,200420000,6000,12,100,400,53816,178382
200000000,199580000,201100000,6000,12,100,400,30897,310698
200000000,199580000,202880000,6000,12,100,400,18193,527648
200000000,198900000,200020000,6000,12,100,400,42528,225731
200000000,198900000,200060000,6000,12,100,400,40986,234220
200000000,198900000,200160000,6000,12,100,400,37578,255462
200000000,198900000,200420000,6000,12,100,400,30897,310698
200000000,198900000,201100000,6000,12,100,400,21669,443014
200000000,198900000,202880000,6000,12,100,400,14545,659964
200000000,197120000,200020000,6000,12,100,400,21685,442681
200000000,197120000,200060000,6000,12,100,400,21277,451170
200000000,197120000,200160000,6000,12,100,400,20320,472412
200000000,197120000,200420000,6000,12,100,400,18193,527648
200000000,197120000,201100000,6000,12,100,400,14545,659964
200000000,197120000,202880000,6000,12,100,400,10946,876914
200000000,199980000,200020000,10,16,100,400,61524,156035
200000000,199980000,200060000,10,16,100,400,32008,299917
200000000,199980000,200160000,10,16,100,400,18464,519898
200000000,199980000,200420000,10,16,100,400,16608,577986
200000000,199980000,201100000,10,16,100,400,16608,577986
200000000,199980000,202880000,10,16,100,400,16608,577986
200000000,199940000,200020000,10,16,100,400,32008,299917
200000000,199940000,200060000,10,16,100,400,21630,443800
200000000,199940000,200160000,10,16,100,400,14462,663780
200000000,199940000,200420000,10,16,100,400,13297,721868
200000000,199940000,201100000,10,16,100,400,13297,721868
200000000,199940000,202880000,10,16,100,400,13297,721868
200000000,199840000,200020000,10,16,100,400,18464,519898
200000000,199840000,200060000,10,16,100,400,14462,663780
200000000,199840000,200160000,10,16,100,400,10862,883761
200000000,199840000,200420000,10,16,100,400,10192,941849
200000000,199840000,201100000,10,16,100,400,10192,941849
200000000,199840000,202880000,10,16,100,400,10192,941849
200000000,199580000,200020000,10,16,100,400,16608,577986
200000000,199580000,200060000,10,16,100,400,13297,721868
200000000,199580000,200160000,10,16,100,400,10192,941849
200000000,199580000,200420000,10,16,100,400,9600,999937
200000000,199580000,201100000,10,16,100,400,9600,999937
200000000,199580000,202880000,10,16,100,400,9600,999937
200000000,198900000,200020000,10,16,100,400,16608,577986
200000000,198900000,200060000,10,16,100,400,13297,721868
200000000,198900000,200160000,10,16,100,400,10192,941849
200000000,198900000,200420000,10,16,100,400,9600,999937
200000000,198900000,201100000,10,16,100,400,9600,999937
200000000,198900000,202880000,10,16,100,400,9600,999937
200000000,197120000,200020000,10,16,100,400,16608,577986
200000000,197120000,200060000,10,16,100,400,13297,721868
200000000,197120000,200160000,10,16,100,400,10192,941849
200000000,197120000,200420000,10,16,100,400,9600,999937
200000000,197120000,201100000,10,16,100,400,9600,999937
200000000,197120000,202880000,10,16,100,400,9600,999937
200000000,199980000,200020000,25,16,100,400,97257,98706
200000000,199980000,200060000,25,16,100,400,49372,194437
200000000,199980000,200160000,25,16,100,400,24571,390697
200000000,199980000,200420000,25,16,100,400,17621,544758
200000000,199980000,201100000,25,16,100,400,17475,549321
200000000,199980000,202880000,25,16,100,400,17475,549321
200000000,199940000,200020000,25,16,100,400,49372,194437
200000000,199940000,200060000,25,16,100,400,33083,290169
200000000,199940000,200160000,25,16,100,400,19734,486429
200000000,199940000,200420000,25,16,100,400,14988,640489
200000000,199940000,201100000,25,16,100,400,14881,645053
200000000,199940000,202880000,25,16,100,400,14881,645053
200000000,199840000,200020000,25,16,100,400,24571,390697
200000000,199840000,200060000,25,16,100,400,19734,486429
200000000,199840000,200160000,25,16,100,400,14061,682689
200000000,199840000,200420000,25,16,100,400,11472,836749
200000000,199840000,201100000,25,16,100,400,11410,841313
200000000,199840000,202880000,25,16,100,400,11410,841313
200000000,199580000,200020000,25,16,100,400,17621,544758
200000000,199580000,200060000,25,16,100,400,14988,640489
200000000,199580000,200160000,25,16,100,400,11472,836749
200000000,199580000,200420000,25,16,100,400,9688,990810
200000000,199580000,201100000,25,16,100,400,9644,995373
200000000,199580000,202880000,25,16,100,400,9644,995373
200000000,198900000,200020000,25,16,100,400,17475,549321
200000000,198900000,200060000,25,16,100,400,14881,645053
200000000,198900000,200160000,25,16,100,400,11410,841313
200000000,198900000,200420000,25,16,100,400,9644,995373
200000000,198900000,201100000,25,16,100,400,9600,999937
200000000,198900000,202880000,25,16,100,400,9600,999937
200000000,197120000,200020000,25,16,100,400,17475,549321
200000000,197120000,200060000,25,16,100,400,14881,645053
200000000,197120000,200160000,25,16,100,400,11410,841313
200000000,197120000,200420000,25,16,100,400,9644,995373
200000000,197120000,201100000,25,16,100,400,9600,999937
200000000,197120000,202880000,25,16,100,400,9600,999937
200000000,199980000,200020000,50,16,100,400,137681,69726
200000000,199980000,200060000,50,16,100,400,68979,139171
200000000,199980000,200160000,50,16,100,400,32632,294180
200000000,199980000,200420000,50,16,100,400,19117,502149
200000000,199980000,201100000,50,16,100,400,17949,534831
200000000,199980000,202880000,50,16,100,400,17949,534831
200000000,199940000,200020000,50,16,100,400,68979,139171
200000000,199940000,200060000,50,16,100,400,46016,208617
200000000,199940000,200160000,50,16,100,400,26400,363625
200000000,199940000,200420000,50,16,100,400,16794,571595
200000000,199940000,201100000,50,16,100,400,15886,604277
200000000,199940000,202880000,50,16,100,400,15886,604277
200000000,199840000,200020000,50,16,100,400,32632,294180
200000000,199840000,200060000,50,16,100,400,26400,363625
200000000,199840000,200160000,50,16,100,400,18509,518634
200000000,199840000,200420000,50,16,100,400,13211,726603
200000000,199840000,201100000,50,16,100,400,12643,759285
200000000,199840000,202880000,50,16,100,400,12643,759285
200000000,199580000,200020000,50,16,100,400,19117,502149
200000000,199580000,200060000,50,16,100,400,16794,571595
200000000,199580000,200160000,50,16,100,400,13211,726603
200000000,199580000,200420000,50,16,100,400,10272,934573
200000000,199580000,201100000,50,16,100,400,9924,967255
200000000,199580000,202880000,50,16,100,400,9924,967255
200000000,198900000,200020000,50,16,100,400,17949,534831
200000000,198900000,200060000,50,16,100,400,15886,604277
200000000,198900000,200160000,50,16,100,400,12643,759285
200000000,198900000,200420000,50,16,100,400,9924,967255
200000000,198900000,201100000,50,16,100,400,9600,999937
200000000,198900000,202880000,50,16,100,400,9600,999937
200000000,197120000,200020000,50,16,100,400,17949,534831
200000000,197120000,200060000,50,16,100,400,15886,604277
200000000,197120000,200160000,50,16,100,400,12643,759285
200000000,197120000,200420000,50,16,100,400,9924,967255
200000000,197120000,201100000,50,16,100,400,9600,999937
200000000,197120000,202880000,50,16,100,400,9600,999937
200000000,199980000,200020000,100,16,100,400,194516,49353
200000000,199980000,200060000,100,16,100,400,97257,98706
200000000,199980000,200160000,100,16,100,400,44415,216139
200000000,199980000,200420000,100,16,100,400,22391,428737
200000000,199980000,201100000,100,16,100,400,18307,524357
200000000,199980000,202880000,100,16,100,400,18297,524645
200000000,199940000,200020000,100,16,100,400,97257,98706
200000000,199940000,200060000,100,16,100,400,64838,148059
200000000,199940000,200160000,100,16,100,400,36158,265492
200000000,199940000,200420000,100,16,100,400,20079,478090
200000000,199940000,201100000,100,16,100,400,16732,573710
200000000,199940000,202880000,100,16,100,400,16724,573998
200000000,199840000,200020000,100,16,100,400,44415,216139
200000000,199840000,200060000,100,16,100,400,36158,265492
200000000,199840000,200160000,100,16,100,400,25069,382925
200000000,199840000,200420000,100,16,100,400,16119,595523
200000000,199840000,201100000,100,16,100,400,13889,691143
200000000,199840000,202880000,100,16,100,400,13883,691431
200000000,199580000,200020000,100,16,100,400,22391,428737
200000000,199580000,200060000,100,16,100,400,20079,478090
200000000,199580000,200160000,100,16,100,400,16119,595523
200000000,199580000,200420000,100,16,100,400,11879,808121
200000000,199580000,201100000,100,16,100,400,10622,903741
200000000,199580000,202880000,100,16,100,400,10618,904029
200000000,198900000,200020000,100,16,100,400,18307,524357
200000000,198900000,200060000,100,16,100,400,16732,573710
200000000,198900000,200160000,100,16,100,400,13889,691143
200000000,198900000,200420000,100,16,100,400,10622,903741
200000000,198900000,201100000,100,16,100,400,9605,999362
200000000,198900000,202880000,100,16,100,400,9602,999649
200000000,197120000,200020000,100,16,100,400,18297,524645
200000000,197120000,200060000,100,16,100,400,16724,573998
200000000,197120000,200160000,100,16,100,400,13883,691431
200000000,197120000,200420000,100,16,100,400,10618,904029
200000000,197120000,201100000,100,16,100,400,9602,999649
200000000,197120000,202880000,100,16,100,400,9600,999937
200000000,199980000,200020000,250,16,100,400,307780,31191
200000000,199980000,200060000,250,16,100,400,153889,62382
200000000,199980000,200160000,250,16,100,400,69132,138863
200000000,199980000,200420000,250,16,100,400,30892,310746
200000000,199980000,201100000,250,16,100,400,19193,500175
200000000,199980000,202880000,250,16,100,400,18620,515564
200000000,199940000,200020000,250,16,100,400,153889,62382
200000000,199940000,200060000,250,16,100,400,102593,93573
200000000,199940000,200160000,250,16,100,400,56451,170054
200000000,199940000,200420000,250,16,100,400,28075,341937
200000000,199940000,201100000,250,16,100,400,18066,531366
200000000,199940000,202880000,250,16,100,400,17557,546755
200000000,199840000,200020000,250,16,100,400,69132,138863
200000000,199840000,200060000,250,16,100,400,56451,170054
200000000,199840000,200160000,250,16,100,400,38939,246536
200000000,199840000,200420000,250,16,100,400,22943,418419
200000000,199840000,201100000,250,16,100,400,15792,607847
200000000,199840000,202880000,250,16,100,400,15403,623236
200000000,199580000,200020000,250,16,100,400,30892,310746
200000000,199580000,200060000,250,16,100,400,28075,341937
200000000,199580000,200160000,250,16,100,400,22943,418419
200000000,199580000,200420000,250,16,100,400,16262,590302
200000000,199580000,201100000,250,16,100,400,12311,779730
200000000,199580000,202880000,250,16,100,400,12072,795119
200000000,198900000,200020000,250,16,100,400,19193,500175
200000000,198900000,200060000,250,16,100,400,18066,531366
200000000,198900000,200160000,250,16,100,400,15792,607847
200000000,198900000,200420000,250,16,100,400,12311,779730
200000000,198900000,201100000,250,16,100,400,9905,969159
200000000,198900000,202880000,250,16,100,400,9749,984548
200000000,197120000,200020000,250,16,100,400,18620,515564
200000000,197120000,200060000,250,16,100,400,17557,546755
200000000,197120000,200160000,250,16,100,400,15403,623236
200000000,197120000,200420000,250,16,100,400,12072,795119
200000000,197120000,201100000,250,16,100,400,9749,984548
200000000,197120000,202880000,250,16,100,400,9600,999937
200000000,199980000,200020000,600,16,100,400,476757,20136
200000000,199980000,200060000,600,16,100,400,238378,40272
200000000,199980000,200160000,600,16,100,400,105900,90651
200000000,199980000,200420000,600,16,100,400,45015,213260
200000000,199980000,201100000,600,16,100,400,22416,428252
200000000,199980000,202880000,600,16,100,400,18825,509935
200000000,199940000,200020000,600,16,100,400,238378,40272
200000000,199940000,200060000,600,16,100,400,158918,60408
200000000,199940000,200160000,600,16,100,400,86652,110787
200000000,199940000,200420000,600,16,100,400,41131,233396
200000000,199940000,201100000,600,16,100,400,21409,448388
200000000,199940000,202880000,600,16,100,400,18110,530071
200000000,199840000,200020000,600,16,100,400,105900,90651
200000000,199840000,200060000,600,16,100,400,86652,110787
200000000,199840000,200160000,600,16,100,400,59565,161167
200000000,199840000,200420000,600,16,100,400,33829,283775
200000000,199840000,201100000,600,16,100,400,19247,498767
200000000,199840000,202880000,600,16,100,400,16537,580451
200000000,199580000,200020000,600,16,100,400,45015,213260
200000000,199580000,200060000,600,16,100,400,41131,233396
200000000,199580000,200160000,600,16,100,400,33829,283775
200000000,199580000,200420000,600,16,100,400,23622,406384
200000000,199580000,201100000,600,16,100,400,15449,621376
200000000,199580000,202880000,600,16,100,400,13654,703059
200000000,198900000,200020000,600,16,100,400,22416,428252
200000000,198900000,200060000,600,16,100,400,21409,448388
200000000,198900000,200160000,600,16,100,400,19247,498767
200000000,198900000,200420000,600,16,100,400,15449,621376
200000000,198900000,201100000,600,16,100,400,11477,836368
200000000,198900000,202880000,600,16,100,400,10456,918051
200000000,197120000,200020000,600,16,100,400,18825,509935
200000000,197120000,200060000,600,16,100,400,18110,530071
200000000,197120000,200160000,600,16,100,400,16537,580451
200000000,197120000,200420000,600,16,100,400,13654,703059
200000000,197120000,201100000,600,16,100,400,10456,918051
200000000,197120000,202880000,600,16,100,400,9601,999735
200000000,199980000,200020000,2000,16,100,400,874634,10976
200000000,199980000,200060000,2000,16,100,400,435748,22031
200000000,199980000,200160000,2000,16,100,400,193435,49629
200000000,199980000,200420000,2000,16,100,400,79802,120296
200000000,199980000,201100000,2000,16,100,400,33812,283918
200000000,199980000,202880000,2000,16,100,400,19864,483260
200000000,199940000,200020000,2000,16,100,400,435748,22031
200000000,199940000,200060000,2000,16,100,400,290152,33086
200000000,199940000,200160000,2000,16,100,400,158196,60684
200000000,199940000,200420000,2000,16,100,400,73085,131351
200000000,199940000,201100000,2000,16,100,400,32544,294973
200000000,199940000,202880000,2000,16,100,400,19420,494315
200000000,199840000,200020000,2000,16,100,400,193435,49629
200000000,199840000,200060000,2000,16,100,400,158196,60684
200000000,199840000,200160000,2000,16,100,400,108741,88283
200000000,199840000,200420000,2000,16,100,400,60395,158950
200000000,199840000,201100000,2000,16,100,400,29760,322571
200000000,199840000,202880000,2000,16,100,400,18393,521913
200000000,199580000,200020000,2000,16,100,400,79802,120296
200000000,199580000,200060000,2000,16,100,400,73085,131351
200000000,199580000,200160000,2000,16,100,400,60395,158950
200000000,199580000,200420000,2000,16,100,400,41808,229617
200000000,199580000,201100000,2000,16,100,400,24411,393238
200000000,199580000,202880000,2000,16,100,400,16200,592580
200000000,198900000,200020000,2000,16,100,400,33812,283918
200000000,198900000,200060000,2000,16,100,400,32544,294973
200000000,198900000,200160000,2000,16,100,400,29760,322571
200000000,198900000,200420000,2000,16,100,400,24411,393238
200000000,198900000,201100000,2000,16,100,400,17238,556860
200000000,198900000,202880000,2000,16,100,400,12694,756202
200000000,197120000,200020000,2000,16,100,400,19864,483260
200000000,197120000,200060000,2000,16,100,400,19420,494315
200000000,197120000,200160000,2000,16,100,400,18393,521913
200000000,197120000,200420000,2000,16,100,400,16200,592580
200000000,197120000,201100000,2000,16,100,400,12694,756202
200000000,197120000,202880000,2000,16,100,400,10046,955544
200000000,199980000,200020000,6000,16,100,400,1519707,6317
200000000,199980000,200060000,6000,16,100,400,755132,12713
200000000,199980000,200160000,6000,16,100,400,335382,28624
200000000,199980000,200420000,6000,16,100,400,137060,70042
200000000,199980000,201100000,6000,16,100,400,55256,173732
200000000,199980000,202880000,6000,16,100,400,25341,378829
200000000,199940000,200020000,6000,16,100,400,755132,12713
200000000,199940000,200060000,6000,16,100,400,502380,19109
200000000,199940000,200160000,6000,16,100,400,274128,35020
200000000,199940000,200420000,6000,16,100,400,125591,76438
200000000,199940000,201100000,6000,16,100,400,53295,180128
200000000,199940000,202880000,6000,16,100,400,24919,385225
200000000,199840000,200020000,6000,16,100,400,335382,28624
200000000,199840000,200060000,6000,16,100,400,274128,35020
200000000,199840000,200160000,6000,16,100,400,188486,50932
200000000,199840000,200420000,6000,16,100,400,103952,92349
200000000,199840000,201100000,6000,16,100,400,48969,196039
200000000,199840000,202880000,6000,16,100,400,23931,401136
200000000,199580000,200020000,6000,16,100,400,137060,70042
200000000,199580000,200060000,6000,16,100,400,125591,76438
200000000,199580000,200160000,6000,16,100,400,103952,92349
200000000,199580000,200420000,6000,16,100,400,71765,133767
200000000,199580000,201100000,6000,16,100,400,40427,237457
200000000,199580000,202880000,6000,16,100,400,21692,442554
200000000,198900000,200020000,6000,16,100,400,55256,173732
200000000,198900000,200060000,6000,16,100,400,53295,180128
200000000,198900000,200160000,6000,16,100,400,48969,196039
200000000,198900000,200420000,6000,16,100,400,40427,237457
200000000,198900000,201100000,6000,16,100,400,28139,341147
200000000,198900000,202880000,6000,16,100,400,17573,546244
200000000,197120000,200020000,6000,16,100,400,25341,378829
200000000,197120000,200060000,6000,16,100,400,24919,385225
200000000,197120000,200160000,6000,16,100,400,23931,401136
200000000,197120000,200420000,6000,16,100,400,21692,442554
200000000,197120000,201100000,6000,16,100,400,17573,546244
200000000,197120000,202880000,6000,16,100,400,12776,751341
200000000,199980000,200020000,10,40,100,400,153889,62382
200000000,199980000,200060000,10,40,100,400,76920,124804
200000000,199980000,200160000,10,40,100,400,36080,266066
200000000,199980000,200420000,10,40,100,400,19935,481534
200000000,199980000,201100000,10,40,100,400,18072,531159
200000000,199980000,202880000,10,40,100,400,18072,531159
200000000,199940000,200020000,10,40,100,400,76920,124804
200000000,199940000,200060000,10,40,100,400,51274,187226
200000000,199940000,200160000,10,40,100,400,29224,328488
200000000,199940000,200420000,10,40,100,400,17647,543956
200000000,199940000,201100000,10,40,100,400,16172,593581
200000000,199940000,202880000,10,40,100,400,16172,593581
200000000,199840000,200020000,10,40,100,400,36080,266066
200000000,199840000,200060000,10,40,100,400,29224,328488
200000000,199840000,200160000,10,40,100,400,20435,469750
200000000,199840000,200420000,10,40,100,400,14009,685218
200000000,199840000,201100000,10,40,100,400,13063,734843
200000000,199840000,202880000,10,40,100,400,13063,734843
200000000,199580000,200020000,10,40,100,400,19935,481534
200000000,199580000,200060000,10,40,100,400,17647,543956
200000000,199580000,200160000,10,40,100,400,14009,685218
200000000,199580000,200420000,10,40,100,400,10657,900687
200000000,199580000,201100000,10,40,100,400,10101,950312
200000000,199580000,202880000,10,40,100,400,10101,950312
200000000,198900000,200020000,10,40,100,400,18072,531159
200000000,198900000,200060000,10,40,100,400,16172,593581
200000000,198900000,200160000,10,40,100,400,13063,734843
200000000,198900000,200420000,10,40,100,400,10101,950312
200000000,198900000,201100000,10,40,100,400,9600,999937
200000000,198900000,202880000,10,40,100,400,9600,999937
200000000,197120000,200020000,10,40,100,400,18072,531159
200000000,197120000,200060000,10,40,100,400,16172,593581
200000000,197120000,200160000,10,40,100,400,13063,734843
200000000,197120000,200420000,10,40,100,400,10101,950312
200000000,197120000,201100000,10,40,100,400,9600,999937
200000000,197120000,202880000,10,40,100,400,9600,999937
200000000,199980000,200020000,25,40,100,400,243147,39482
200000000,199980000,200060000,25,40,100,400,121573,78964
200000000,199980000,200160000,25,40,100,400,55139,174101
200000000,199980000,200420000,25,40,100,400,25827,371686
200000000,199980000,201100000,25,40,100,400,18576,516761
200000000,199980000,202880000,25,40,100,400,18471,519709
200000000,199940000,200020000,25,40,100,400,121573,78964
200000000,199940000,200060000,25,40,100,400,81048,118447
200000000,199940000,200160000,25,40,100,400,44947,213583
200000000,199940000,200420000,25,40,100,400,23347,411169
200000000,199940000,201100000,25,40,100,400,17257,556243
200000000,199940000,202880000,25,40,100,400,17166,559192
200000000,199840000,200020000,25,40,100,400,55139,174101
200000000,199840000,200060000,25,40,100,400,44947,213583
200000000,199840000,200160000,25,40,100,400,31095,308720
200000000,199840000,200420000,25,40,100,400,18960,506305
200000000,199840000,201100000,25,40,100,400,14737,651380
200000000,199840000,202880000,25,40,100,400,14670,654328
200000000,199580000,200020000,25,40,100,400,25827,371686
200000000,199580000,200060000,25,40,100,400,23347,411169
200000000,199580000,200160000,25,40,100,400,18960,506305
200000000,199580000,200420000,25,40,100,400,13637,703891
200000000,199580000,201100000,25,40,100,400,11307,848965
200000000,199580000,202880000,25,40,100,400,11268,851914
200000000,198900000,200020000,25,40,100,400,18576,516761
200000000,198900000,200060000,25,40,100,400,17257,556243
200000000,198900000,200160000,25,40,100,400,14737,651380
200000000,198900000,200420000,25,40,100,400,11307,848965
200000000,198900000,201100000,25,40,100,400,9656,994040
200000000,198900000,202880000,25,40,100,400,9628,996988
200000000,197120000,200020000,25,40,100,400,18471,519709
200000000,197120000,200060000,25,40,100,400,17166,559192
200000000,197120000,200160000,25,40,100,400,14670,654328
200000000,197120000,200420000,25,40,100,400,11268,851914
200000000,197120000,201100000,25,40,100,400,9628,996988
200000000,197120000,202880000,25,40,100,400,9600,999937
200000000,199980000,200020000,50,40,100,400,344406,27874
200000000,199980000,200060000,50,40,100,400,172080,55788
200000000,199980000,200160000,50,40,100,400,76914,124813
200000000,199980000,200420000,50,40,100,400,33705,284819
200000000,199980000,201100000,50,40,100,400,19698,487344
200000000,199980000,202880000,50,40,100,400,18679,513905
200000000,199940000,200020000,50,40,100,400,172080,55788
200000000,199940000,200060000,50,40,100,400,114691,83703
200000000,199940000,200160000,50,40,100,400,62856,152727
200000000,199940000,200420000,50,40,100,400,30696,312734
200000000,199940000,201100000,50,40,100,400,18630,515258
200000000,199940000,202880000,50,40,100,400,17717,541820
200000000,199840000,200020000,50,40,100,400,76914,124813
200000000,199840000,200060000,50,40,100,400,62856,152727
200000000,199840000,200160000,50,40,100,400,43291,221752
200000000,199840000,200420000,50,40,100,400,25146,381758
200000000,199840000,201100000,50,40,100,400,16429,584283
200000000,199840000,202880000,50,40,100,400,15715,610844
200000000,199580000,200020000,50,40,100,400,33705,284819
200000000,199580000,200060000,50,40,100,400,30696,312734
200000000,199580000,200160000,50,40,100,400,25146,381758
200000000,199580000,200420000,50,40,100,400,17719,541765
200000000,199580000,201100000,50,40,100,400,12897,744289
200000000,199580000,202880000,50,40,100,400,12453,770851
200000000,198900000,200020000,50,40,100,400,19698,487344
200000000,198900000,200060000,50,40,100,400,18630,515258
200000000,198900000,200160000,50,40,100,400,16429,584283
200000000,198900000,200420000,50,40,100,400,12897,744289
200000000,198900000,201100000,50,40,100,400,10138,946814
200000000,198900000,202880000,50,40,100,400,9862,973375
200000000,197120000,200020000,50,40,100,400,18679,513905
200000000,197120000,200060000,50,40,100,400,17717,541820
200000000,197120000,200160000,50,40,100,400,15715,610844
200000000,197120000,200420000,50,40,100,400,12453,770851
200000000,197120000,201100000,50,40,100,400,9862,973375
200000000,197120000,202880000,50,40,100,400,9600,999937
200000000,199980000,200020000,100,40,100,400,486296,19741
200000000,199980000,200060000,100,40,100,400,243147,39482
200000000,199980000,200160000,100,40,100,400,108065,88835
200000000,199980000,200420000,100,40,100,400,45817,209524
200000000,199980000,201100000,100,40,100,400,22659,423642
200000000,199980000,202880000,100,40,100,400,18834,509695
200000000,199940000,200020000,100,40,100,400,243147,39482
200000000,199940000,200060000,100,40,100,400,162098,59223
200000000,199940000,200160000,100,40,100,400,88416,108576
200000000,199940000,200420000,100,40,100,400,41872,229265
200000000,199940000,201100000,100,40,100,400,21650,443383
200000000,199940000,202880000,100,40,100,400,18132,529436
200000000,199840000,200020000,100,40,100,400,108065,88835
200000000,199840000,200060000,100,40,100,400,88416,108576
200000000,199840000,200160000,100,40,100,400,60786,157930
200000000,199840000,200420000,100,40,100,400,34455,278618
200000000,199840000,201100000,100,40,100,400,19482,492736
200000000,199840000,202880000,100,40,100,400,16585,578790
200000000,199580000,200020000,100,40,100,400,45817,209524
200000000,199580000,200060000,100,40,100,400,41872,229265
200000000,199580000,200160000,100,40,100,400,34455,278618
200000000,199580000,200420000,100,40,100,400,24041,399307
200000000,199580000,201100000,100,40,100,400,15648,613425
200000000,199580000,202880000,100,40,100,400,13724,699478
200000000,198900000,200020000,100,40,100,400,22659,423642
200000000,198900000,200060000,100,40,100,400,21650,443383
200000000,198900000,200160000,100,40,100,400,19482,492736
200000000,198900000,200420000,100,40,100,400,15648,613425
200000000,198900000,201100000,100,40,100,400,11599,827543
200000000,198900000,202880000,100,40,100,400,10507,913596
200000000,197120000,200020000,100,40,100,400,18834,509695
200000000,197120000,200060000,100,40,100,400,18132,529436
200000000,197120000,200160000,100,40,100,400,16585,578790
200000000,197120000,200420000,100,40,100,400,13724,699478
200000000,197120000,201100000,100,40,100,400,10507,913596
200000000,197120000,202880000,100,40,100,400,9602,999650
200000000,199980000,200020000,250,40,100,400,769476,12476
200000000,199980000,200060000,250,40,100,400,384738,24952
200000000,199980000,200160000,250,40,100,400,170988,56144
200000000,199980000,200420000,250,40,100,400,70917,135368
200000000,199980000,201100000,250,40,100,400,30756,312128
200000000,199980000,202880000,250,40,100,400,19406,494658
200000000,199940000,200020000,250,40,100,400,384738,24952
200000000,199940000,200060000,250,40,100,400,256485,37429
200000000,199940000,200160000,250,40,100,400,139900,68620
200000000,199940000,200420000,250,40,100,400,64932,147844
200000000,199940000,201100000,250,40,100,400,29573,324605
200000000,199940000,202880000,250,40,100,400,18929,507134
200000000,199840000,200020000,250,40,100,400,170988,56144
200000000,199840000,200060000,250,40,100,400,139900,68620
200000000,199840000,200160000,250,40,100,400,96180,99812
200000000,199840000,200420000,250,40,100,400,53619,179036
200000000,199840000,201100000,250,40,100,400,26980,355796
200000000,199840000,202880000,250,40,100,400,17832,538326
200000000,199580000,200020000,250,40,100,400,70917,135368
200000000,199580000,200060000,250,40,100,400,64932,147844
200000000,199580000,200160000,250,40,100,400,53619,179036
200000000,199580000,200420000,250,40,100,400,37171,258260
200000000,199580000,201100000,250,40,100,400,22067,435020
200000000,199580000,202880000,250,40,100,400,15545,617550
200000000,198900000,200020000,250,40,100,400,30756,312128
200000000,198900000,200060000,250,40,100,400,29573,324605
200000000,198900000,200160000,250,40,100,400,26980,355796
200000000,198900000,200420000,250,40,100,400,22067,435020
200000000,198900000,201100000,250,40,100,400,15691,611781
200000000,198900000,202880000,250,40,100,400,12085,794310
200000000,197120000,200020000,250,40,100,400,19406,494658
200000000,197120000,200060000,250,40,100,400,18929,507134
200000000,197120000,200160000,250,40,100,400,17832,538326
200000000,197120000,200420000,250,40,100,400,15545,617550
200000000,197120000,201100000,250,40,100,400,12085,794310
200000000,197120000,202880000,250,40,100,400,9827,976840
200000000,199980000,200020000,600,40,100,400,1191954,8054
200000000,199980000,200060000,600,40,100,400,595976,16108
200000000,199980000,200160000,600,40,100,400,264870,36244
200000000,199980000,200420000,600,40,100,400,108305,88638
200000000,199980000,201100000,600,40,100,400,44531,215573
200000000,199980000,202880000,600,40,100,400,22195,432512
200000000,199940000,200020000,600,40,100,400,595976,16108
200000000,199940000,200060000,600,40,100,400,397300,24163
200000000,199940000,200160000,600,40,100,400,216708,44299
200000000,199940000,200420000,600,40,100,400,99284,96692
200000000,199940000,201100000,600,40,100,400,42928,223628
200000000,199940000,202880000,600,40,100,400,21790,440566
200000000,199840000,200020000,600,40,100,400,264870,36244
200000000,199840000,200060000,600,40,100,400,216708,44299
200000000,199840000,200160000,600,40,100,400,148987,64435
200000000,199840000,200420000,600,40,100,400,82171,116828
200000000,199840000,201100000,600,40,100,400,39382,243764
200000000,199840000,202880000,600,40,100,400,20837,460702
200000000,199580000,200020000,600,40,100,400,108305,88638
200000000,199580000,200060000,600,40,100,400,99284,96692
200000000,199580000,200160000,600,40,100,400,82171,116828
200000000,199580000,200420000,600,40,100,400,56729,169222
200000000,199580000,201100000,600,40,100,400,32414,296157
200000000,199580000,202880000,600,40,100,400,18709,513096
200000000,198900000,200020000,600,40,100,400,44531,215573
200000000,198900000,200060000,600,40,100,400,42928,223628
200000000,198900000,200160000,600,40,100,400,39382,243764
200000000,198900000,200420000,600,40,100,400,32414,296157
200000000,198900000,201100000,600,40,100,400,22689,423093
200000000,198900000,202880000,600,40,100,400,14999,640031
200000000,197120000,200020000,600,40,100,400,22195,432512
200000000,197120000,200060000,600,40,100,400,21790,440566
200000000,197120000,200160000,600,40,100,400,20837,460702
200000000,197120000,200420000,600,40,100,400,18709,513096
200000000,197120000,201100000,600,40,100,400,14999,640031
200000000,197120000,202880000,600,40,100,400,11202,856970
200000000,199980000,200020000,2000,40,100,400,2210452,4343
200000000,199980000,200060000,2000,40,100,400,1095264,8765
200000000,199980000,200160000,2000,40,100,400,484358,19820
200000000,199980000,200420000,2000,40,100,400,198002,48484
200000000,199980000,201100000,2000,40,100,400,78576,122174
200000000,199980000,202880000,2000,40,100,400,33048,290471
200000000,199940000,200020000,2000,40,100,400,1095264,8765
200000000,199940000,200060000,2000,40,100,400,727989,13187
200000000,199940000,200160000,2000,40,100,400,396006,24242
200000000,199940000,200420000,2000,40,100,400,181453,52906
200000000,199940000,201100000,2000,40,100,400,75831,126596
200000000,199940000,202880000,2000,40,100,400,32553,294893
200000000,199840000,200020000,2000,40,100,400,484358,19820
200000000,199840000,200060000,2000,40,100,400,396006,24242
200000000,199840000,200160000,2000,40,100,400,271977,35297
200000000,199840000,200420000,2000,40,100,400,150091,63961
200000000,199840000,201100000,2000,40,100,400,69741,137651
200000000,199840000,202880000,2000,40,100,400,31377,305948
200000000,199580000,200020000,2000,40,100,400,198002,48484
200000000,199580000,200060000,2000,40,100,400,181453,52906
200000000,199580000,200160000,2000,40,100,400,150091,63961
200000000,199580000,200420000,2000,40,100,400,103642,92626
200000000,199580000,201100000,2000,40,100,400,57720,166316
200000000,199580000,202880000,2000,40,100,400,28689,334612
200000000,198900000,200020000,2000,40,100,400,78576,122174
200000000,198900000,200060000,2000,40,100,400,75831,126596
200000000,198900000,200160000,2000,40,100,400,69741,137651
200000000,198900000,200420000,2000,40,100,400,57720,166316
200000000,198900000,201100000,2000,40,100,400,39998,240006
200000000,198900000,202880000,2000,40,100,400,23511,408302
200000000,197120000,200020000,2000,40,100,400,33048,290471
200000000,197120000,200060000,2000,40,100,400,32553,294893
200000000,197120000,200160000,2000,40,100,400,31377,305948
200000000,197120000,200420000,2000,40,100,400,28689,334612
200000000,197120000,201100000,2000,40,100,400,23511,408302
200000000,197120000,202880000,2000,40,100,400,16649,576599
200000000,199980000,200020000,6000,40,100,400,3800474,2526
200000000,199980000,200060000,6000,40,100,400,1899861,5053
200000000,199980000,200160000,6000,40,100,400,838500,11449
200000000,199980000,200420000,6000,40,100,400,342954,27992
200000000,199980000,201100000,6000,40,100,400,134558,71344
200000000,199980000,202880000,6000,40,100,400,53443,179628
200000000,199940000,200020000,6000,40,100,400,1899861,5053
200000000,199940000,200060000,6000,40,100,400,1266490,7580
200000000,199940000,200160000,6000,40,100,400,686891,13976
200000000,199940000,200420000,6000,40,100,400,314557,30519
200000000,199940000,201100000,6000,40,100,400,129956,73871
200000000,199940000,202880000,6000,40,100,400,52702,182155
200000000,199840000,200020000,6000,40,100,400,838500,11449
200000000,199840000,200060000,6000,40,100,400,686891,13976
200000000,199840000,200160000,6000,40,100,400,471211,20373
200000000,199840000,200420000,6000,40,100,400,260049,36916
200000000,199840000,201100000,6000,40,100,400,119598,80268
200000000,199840000,202880000,6000,40,100,400,50914,188551
200000000,199580000,200020000,6000,40,100,400,342954,27992
200000000,199580000,200060000,6000,40,100,400,314557,30519
200000000,199580000,200160000,6000,40,100,400,260049,36916
200000000,199580000,200420000,6000,40,100,400,179576,53459
200000000,199580000,201100000,6000,40,100,400,99162,96811
200000000,199580000,202880000,6000,40,100,400,46807,205094
200000000,198900000,200020000,6000,40,100,400,134558,71344
200000000,198900000,200060000,6000,40,100,400,129956,73871
200000000,198900000,200160000,6000,40,100,400,119598,80268
200000000,198900000,200420000,6000,40,100,400,99162,96811
200000000,198900000,201100000,6000,40,100,400,68491,140163
200000000,198900000,202880000,6000,40,100,400,38640,248446
200000000,197120000,200020000,6000,40,100,400,53443,179628
200000000,197120000,200060000,6000,40,100,400,52702,182155
200000000,197120000,200160000,6000,40,100,400,50914,188551
200000000,197120000,200420000,6000,40,100,400,46807,205094
200000000,197120000,201100000,6000,40,100,400,38640,248446
200000000,197120000,202880000,6000,40,100,400,26910,356730
